"","act_name","act_type","timestamps","ele","week_lub","year_lub","geometry"
"1","Jacket","running",2023-10-16 06:08:02,5,42,2023,c(4.853, 52.363185)
"2","Jacket","running",2023-10-16 06:08:03,5,42,2023,c(4.853031, 52.363189)
"3","Jacket","running",2023-10-16 06:08:05,5,42,2023,c(4.853056, 52.3632)
"4","Jacket","running",2023-10-16 06:08:06,4.9,42,2023,c(4.85306, 52.363227)
"5","Jacket","running",2023-10-16 06:08:07,4.9,42,2023,c(4.853055, 52.363237)
"6","Jacket","running",2023-10-16 06:08:08,4.9,42,2023,c(4.853006, 52.363261)
"7","Jacket","running",2023-10-16 06:08:09,4.8,42,2023,c(4.852985, 52.363266)
"8","Jacket","running",2023-10-16 06:08:10,4.8,42,2023,c(4.852944, 52.363268)
"9","Jacket","running",2023-10-16 06:08:12,4.8,42,2023,c(4.852893, 52.363267)
"10","Jacket","running",2023-10-16 06:08:13,4.7,42,2023,c(4.852837, 52.363263)
"11","Jacket","running",2023-10-16 06:08:14,4.7,42,2023,c(4.852781, 52.363263)
"12","Jacket","running",2023-10-16 06:08:15,4.7,42,2023,c(4.852727, 52.363267)
"13","Jacket","running",2023-10-16 06:08:16,4.6,42,2023,c(4.852658, 52.363275)
"14","Jacket","running",2023-10-16 06:08:17,4.6,42,2023,c(4.852631, 52.363278)
"15","Jacket","running",2023-10-16 06:08:18,4.6,42,2023,c(4.852579, 52.363282)
"16","Jacket","running",2023-10-16 06:08:19,4.6,42,2023,c(4.852528, 52.36328)
"17","Jacket","running",2023-10-16 06:08:21,4.6,42,2023,c(4.852472, 52.363282)
"18","Jacket","running",2023-10-16 06:08:22,4.6,42,2023,c(4.852423, 52.36328)
"19","Jacket","running",2023-10-16 06:08:23,4.6,42,2023,c(4.852368, 52.363276)
"20","Jacket","running",2023-10-16 06:08:24,4.6,42,2023,c(4.852317, 52.363272)
"21","Jacket","running",2023-10-16 06:08:25,4.6,42,2023,c(4.852255, 52.363264)
"22","Jacket","running",2023-10-16 06:08:26,4.6,42,2023,c(4.852233, 52.363262)
"23","Jacket","running",2023-10-16 06:08:27,4.6,42,2023,c(4.852177, 52.363254)
"24","Jacket","running",2023-10-16 06:08:28,4.6,42,2023,c(4.852125, 52.363249)
"25","Jacket","running",2023-10-16 06:08:30,4.6,42,2023,c(4.85207, 52.363239)
"26","Jacket","running",2023-10-16 06:08:31,4.6,42,2023,c(4.852027, 52.363228)
"27","Jacket","running",2023-10-16 06:08:32,4.7,42,2023,c(4.851983, 52.363219)
"28","Jacket","running",2023-10-16 06:08:33,4.7,42,2023,c(4.851931, 52.36321)
"29","Jacket","running",2023-10-16 06:08:34,4.7,42,2023,c(4.851868, 52.363205)
"30","Jacket","running",2023-10-16 06:08:35,4.7,42,2023,c(4.851841, 52.363204)
"31","Jacket","running",2023-10-16 06:08:36,4.7,42,2023,c(4.851794, 52.363203)
"32","Jacket","running",2023-10-16 06:08:37,4.6,42,2023,c(4.851751, 52.3632)
"33","Jacket","running",2023-10-16 06:08:39,4.6,42,2023,c(4.851694, 52.363196)
"34","Jacket","running",2023-10-16 06:08:40,4.6,42,2023,c(4.851645, 52.363191)
"35","Jacket","running",2023-10-16 06:08:41,4.6,42,2023,c(4.85159, 52.363184)
"36","Jacket","running",2023-10-16 06:08:42,4.6,42,2023,c(4.851538, 52.363177)
"37","Jacket","running",2023-10-16 06:08:43,4.6,42,2023,c(4.851484, 52.36317)
"38","Jacket","running",2023-10-16 06:08:44,4.6,42,2023,c(4.851416, 52.363167)
"39","Jacket","running",2023-10-16 06:08:45,4.6,42,2023,c(4.85136, 52.363164)
"40","Jacket","running",2023-10-16 06:08:46,4.6,42,2023,c(4.851309, 52.363161)
"41","Jacket","running",2023-10-16 06:08:48,4.6,42,2023,c(4.851243, 52.363161)
"42","Jacket","running",2023-10-16 06:08:49,4.6,42,2023,c(4.851187, 52.363159)
"43","Jacket","running",2023-10-16 06:08:50,4.6,42,2023,c(4.851131, 52.363158)
"44","Jacket","running",2023-10-16 06:08:51,4.6,42,2023,c(4.851075, 52.363159)
"45","Jacket","running",2023-10-16 06:08:52,4.6,42,2023,c(4.851011, 52.363162)
"46","Jacket","running",2023-10-16 06:08:53,4.7,42,2023,c(4.85096, 52.363167)
"47","Jacket","running",2023-10-16 06:08:54,4.7,42,2023,c(4.850911, 52.363174)
"48","Jacket","running",2023-10-16 06:08:56,4.7,42,2023,c(4.850854, 52.363179)
"49","Jacket","running",2023-10-16 06:08:57,4.7,42,2023,c(4.850802, 52.363183)
"50","Jacket","running",2023-10-16 06:08:58,4.7,42,2023,c(4.850752, 52.363187)
"51","Jacket","running",2023-10-16 06:08:59,4.7,42,2023,c(4.850703, 52.363192)
"52","Jacket","running",2023-10-16 06:09:00,4.7,42,2023,c(4.850653, 52.363196)
"53","Jacket","running",2023-10-16 06:09:01,4.7,42,2023,c(4.850601, 52.363197)
"54","Jacket","running",2023-10-16 06:09:02,4.7,42,2023,c(4.850556, 52.363201)
"55","Jacket","running",2023-10-16 06:09:03,4.7,42,2023,c(4.850506, 52.363203)
"56","Jacket","running",2023-10-16 06:09:04,4.7,42,2023,c(4.85045, 52.363205)
"57","Jacket","running",2023-10-16 06:09:06,4.8,42,2023,c(4.850399, 52.363211)
"58","Jacket","running",2023-10-16 06:09:07,4.8,42,2023,c(4.850353, 52.363211)
"59","Jacket","running",2023-10-16 06:09:08,4.8,42,2023,c(4.850307, 52.363213)
"60","Jacket","running",2023-10-16 06:09:09,4.8,42,2023,c(4.850254, 52.363213)
"61","Jacket","running",2023-10-16 06:09:10,4.8,42,2023,c(4.850203, 52.363213)
"62","Jacket","running",2023-10-16 06:09:11,4.8,42,2023,c(4.850142, 52.363214)
"63","Jacket","running",2023-10-16 06:09:12,4.9,42,2023,c(4.850078, 52.363207)
"64","Jacket","running",2023-10-16 06:09:13,4.9,42,2023,c(4.850049, 52.363204)
"65","Jacket","running",2023-10-16 06:09:14,4.9,42,2023,c(4.85001, 52.363192)
"66","Jacket","running",2023-10-16 06:09:16,5,42,2023,c(4.849968, 52.363171)
"67","Jacket","running",2023-10-16 06:09:17,5.1,42,2023,c(4.849931, 52.363152)
"68","Jacket","running",2023-10-16 06:09:18,5.1,42,2023,c(4.849873, 52.363135)
"69","Jacket","running",2023-10-16 06:09:19,5.2,42,2023,c(4.849829, 52.363125)
"70","Jacket","running",2023-10-16 06:09:20,5.2,42,2023,c(4.849779, 52.363122)
"71","Jacket","running",2023-10-16 06:09:21,5.2,42,2023,c(4.849733, 52.363118)
"72","Jacket","running",2023-10-16 06:09:23,5.3,42,2023,c(4.849684, 52.363112)
"73","Jacket","running",2023-10-16 06:09:24,5.4,42,2023,c(4.849632, 52.363108)
"74","Jacket","running",2023-10-16 06:09:25,5.4,42,2023,c(4.849579, 52.363107)
"75","Jacket","running",2023-10-16 06:09:26,5.5,42,2023,c(4.849529, 52.363108)
"76","Jacket","running",2023-10-16 06:09:27,5.5,42,2023,c(4.849467, 52.363108)
"77","Jacket","running",2023-10-16 06:09:28,5.5,42,2023,c(4.849416, 52.363108)
"78","Jacket","running",2023-10-16 06:09:29,5.5,42,2023,c(4.849363, 52.363107)
"79","Jacket","running",2023-10-16 06:09:31,5.5,42,2023,c(4.849307, 52.363101)
"80","Jacket","running",2023-10-16 06:09:32,5.5,42,2023,c(4.849245, 52.363087)
"81","Jacket","running",2023-10-16 06:09:33,5.5,42,2023,c(4.849199, 52.363074)
"82","Jacket","running",2023-10-16 06:09:34,5.5,42,2023,c(4.849143, 52.363068)
"83","Jacket","running",2023-10-16 06:09:35,5.4,42,2023,c(4.849088, 52.363069)
"84","Jacket","running",2023-10-16 06:09:36,5.4,42,2023,c(4.849038, 52.363072)
"85","Jacket","running",2023-10-16 06:09:37,5.4,42,2023,c(4.848985, 52.363075)
"86","Jacket","running",2023-10-16 06:09:39,5.4,42,2023,c(4.848935, 52.363082)
"87","Jacket","running",2023-10-16 06:09:40,5.4,42,2023,c(4.848886, 52.363087)
"88","Jacket","running",2023-10-16 06:09:41,5.3,42,2023,c(4.848838, 52.36309)
"89","Jacket","running",2023-10-16 06:09:42,5.3,42,2023,c(4.848791, 52.363096)
"90","Jacket","running",2023-10-16 06:09:43,5.2,42,2023,c(4.848743, 52.363103)
"91","Jacket","running",2023-10-16 06:09:44,5.1,42,2023,c(4.848687, 52.363121)
"92","Jacket","running",2023-10-16 06:09:45,5.1,42,2023,c(4.848646, 52.363139)
"93","Jacket","running",2023-10-16 06:09:46,5,42,2023,c(4.848607, 52.363161)
"94","Jacket","running",2023-10-16 06:09:47,5,42,2023,c(4.84857, 52.363179)
"95","Jacket","running",2023-10-16 06:09:49,4.9,42,2023,c(4.848529, 52.363202)
"96","Jacket","running",2023-10-16 06:09:50,4.8,42,2023,c(4.84849, 52.363223)
"97","Jacket","running",2023-10-16 06:09:51,4.8,42,2023,c(4.848451, 52.363241)
"98","Jacket","running",2023-10-16 06:09:52,4.7,42,2023,c(4.848409, 52.363254)
"99","Jacket","running",2023-10-16 06:09:53,4.6,42,2023,c(4.848369, 52.363266)
"100","Jacket","running",2023-10-16 06:09:54,4.5,42,2023,c(4.848316, 52.363293)
"101","Jacket","running",2023-10-16 06:09:55,4.5,42,2023,c(4.848293, 52.363306)
"102","Jacket","running",2023-10-16 06:09:56,4.4,42,2023,c(4.848263, 52.363328)
"103","Jacket","running",2023-10-16 06:09:58,4.3,42,2023,c(4.848231, 52.363354)
"104","Jacket","running",2023-10-16 06:09:59,4.2,42,2023,c(4.848203, 52.36338)
"105","Jacket","running",2023-10-16 06:10:00,4.1,42,2023,c(4.848172, 52.363406)
"106","Jacket","running",2023-10-16 06:10:01,4,42,2023,c(4.84814, 52.36343)
"107","Jacket","running",2023-10-16 06:10:02,3.9,42,2023,c(4.848098, 52.363458)
"108","Jacket","running",2023-10-16 06:10:03,3.8,42,2023,c(4.84806, 52.363476)
"109","Jacket","running",2023-10-16 06:10:04,3.7,42,2023,c(4.847999, 52.363488)
"110","Jacket","running",2023-10-16 06:10:05,3.7,42,2023,c(4.847977, 52.363491)
"111","Jacket","running",2023-10-16 06:10:07,3.6,42,2023,c(4.847904, 52.363495)
"112","Jacket","running",2023-10-16 06:10:08,3.5,42,2023,c(4.847875, 52.363497)
"113","Jacket","running",2023-10-16 06:10:09,3.5,42,2023,c(4.847846, 52.363498)
"114","Jacket","running",2023-10-16 06:10:10,3.4,42,2023,c(4.847787, 52.3635)
"115","Jacket","running",2023-10-16 06:10:11,3.3,42,2023,c(4.84774, 52.363497)
"116","Jacket","running",2023-10-16 06:10:12,3.3,42,2023,c(4.847692, 52.363492)
"117","Jacket","running",2023-10-16 06:10:13,3.2,42,2023,c(4.847644, 52.363492)
"118","Jacket","running",2023-10-16 06:10:14,3.1,42,2023,c(4.847601, 52.363492)
"119","Jacket","running",2023-10-16 06:10:16,3.1,42,2023,c(4.847556, 52.363496)
"120","Jacket","running",2023-10-16 06:10:17,3.1,42,2023,c(4.847489, 52.363502)
"121","Jacket","running",2023-10-16 06:10:18,3.1,42,2023,c(4.847464, 52.363504)
"122","Jacket","running",2023-10-16 06:10:19,3.1,42,2023,c(4.847424, 52.363523)
"123","Jacket","running",2023-10-16 06:10:20,3.1,42,2023,c(4.847421, 52.363534)
"124","Jacket","running",2023-10-16 06:10:21,3.1,42,2023,c(4.847442, 52.363561)
"125","Jacket","running",2023-10-16 06:10:22,3.1,42,2023,c(4.847451, 52.363592)
"126","Jacket","running",2023-10-16 06:10:23,3,42,2023,c(4.847476, 52.363633)
"127","Jacket","running",2023-10-16 06:10:24,3,42,2023,c(4.84749, 52.363679)
"128","Jacket","running",2023-10-16 06:10:26,3,42,2023,c(4.847493, 52.363728)
"129","Jacket","running",2023-10-16 06:10:27,3,42,2023,c(4.84751, 52.363774)
"130","Jacket","running",2023-10-16 06:10:28,2.9,42,2023,c(4.847525, 52.363814)
"131","Jacket","running",2023-10-16 06:10:29,2.9,42,2023,c(4.847555, 52.363845)
"132","Jacket","running",2023-10-16 06:10:30,2.9,42,2023,c(4.847592, 52.363867)
"133","Jacket","running",2023-10-16 06:10:31,2.9,42,2023,c(4.847645, 52.363888)
"134","Jacket","running",2023-10-16 06:10:33,2.8,42,2023,c(4.847689, 52.363923)
"135","Jacket","running",2023-10-16 06:10:34,2.8,42,2023,c(4.847714, 52.363957)
"136","Jacket","running",2023-10-16 06:10:35,2.8,42,2023,c(4.847721, 52.363991)
"137","Jacket","running",2023-10-16 06:10:36,2.7,42,2023,c(4.847721, 52.364024)
"138","Jacket","running",2023-10-16 06:10:37,2.7,42,2023,c(4.847714, 52.364055)
"139","Jacket","running",2023-10-16 06:10:38,2.7,42,2023,c(4.847701, 52.364092)
"140","Jacket","running",2023-10-16 06:10:39,2.7,42,2023,c(4.847686, 52.364125)
"141","Jacket","running",2023-10-16 06:10:40,2.7,42,2023,c(4.847675, 52.364152)
"142","Jacket","running",2023-10-16 06:10:42,2.7,42,2023,c(4.847667, 52.36418)
"143","Jacket","running",2023-10-16 06:10:43,2.7,42,2023,c(4.84766, 52.364215)
"144","Jacket","running",2023-10-16 06:10:44,2.7,42,2023,c(4.847652, 52.364254)
"145","Jacket","running",2023-10-16 06:10:45,2.7,42,2023,c(4.84765, 52.364267)
"146","Jacket","running",2023-10-16 06:10:46,2.7,42,2023,c(4.84764, 52.364294)
"147","Jacket","running",2023-10-16 06:10:47,2.8,42,2023,c(4.847627, 52.364324)
"148","Jacket","running",2023-10-16 06:10:48,2.8,42,2023,c(4.847613, 52.364353)
"149","Jacket","running",2023-10-16 06:10:49,2.8,42,2023,c(4.847601, 52.364383)
"150","Jacket","running",2023-10-16 06:10:51,2.8,42,2023,c(4.847586, 52.364422)
"151","Jacket","running",2023-10-16 06:10:52,2.9,42,2023,c(4.847572, 52.364452)
"152","Jacket","running",2023-10-16 06:10:53,2.9,42,2023,c(4.84756, 52.364482)
"153","Jacket","running",2023-10-16 06:10:54,2.9,42,2023,c(4.847556, 52.36452)
"154","Jacket","running",2023-10-16 06:10:55,3,42,2023,c(4.847557, 52.364532)
"155","Jacket","running",2023-10-16 06:10:56,3,42,2023,c(4.847562, 52.364565)
"156","Jacket","running",2023-10-16 06:10:57,3,42,2023,c(4.847576, 52.364602)
"157","Jacket","running",2023-10-16 06:10:58,3,42,2023,c(4.847582, 52.364615)
"158","Jacket","running",2023-10-16 06:11:00,3.1,42,2023,c(4.847586, 52.364646)
"159","Jacket","running",2023-10-16 06:11:01,3.1,42,2023,c(4.847588, 52.364684)
"160","Jacket","running",2023-10-16 06:11:02,3.1,42,2023,c(4.847587, 52.364714)
"161","Jacket","running",2023-10-16 06:11:03,3.2,42,2023,c(4.847584, 52.364757)
"162","Jacket","running",2023-10-16 06:11:04,3.2,42,2023,c(4.847584, 52.364773)
"163","Jacket","running",2023-10-16 06:11:05,3.2,42,2023,c(4.847583, 52.364808)
"164","Jacket","running",2023-10-16 06:11:07,3.3,42,2023,c(4.847578, 52.364846)
"165","Jacket","running",2023-10-16 06:11:08,3.3,42,2023,c(4.847572, 52.364878)
"166","Jacket","running",2023-10-16 06:11:09,3.3,42,2023,c(4.847566, 52.364909)
"167","Jacket","running",2023-10-16 06:11:10,3.3,42,2023,c(4.847558, 52.364949)
"168","Jacket","running",2023-10-16 06:11:11,3.3,42,2023,c(4.847556, 52.364979)
"169","Jacket","running",2023-10-16 06:11:12,3.4,42,2023,c(4.847554, 52.36501)
"170","Jacket","running",2023-10-16 06:11:13,3.4,42,2023,c(4.847554, 52.365043)
"171","Jacket","running",2023-10-16 06:11:14,3.4,42,2023,c(4.847551, 52.365074)
"172","Jacket","running",2023-10-16 06:11:15,3.4,42,2023,c(4.847554, 52.365102)
"173","Jacket","running",2023-10-16 06:11:17,3.4,42,2023,c(4.847564, 52.36513)
"174","Jacket","running",2023-10-16 06:11:18,3.4,42,2023,c(4.847589, 52.365152)
"175","Jacket","running",2023-10-16 06:11:19,3.4,42,2023,c(4.847642, 52.365164)
"176","Jacket","running",2023-10-16 06:11:20,3.4,42,2023,c(4.847702, 52.365149)
"177","Jacket","running",2023-10-16 06:11:21,3.4,42,2023,c(4.847752, 52.365137)
"178","Jacket","running",2023-10-16 06:11:22,3.3,42,2023,c(4.847795, 52.365128)
"179","Jacket","running",2023-10-16 06:11:23,3.3,42,2023,c(4.847848, 52.365103)
"180","Jacket","running",2023-10-16 06:11:25,3.4,42,2023,c(4.847903, 52.365084)
"181","Jacket","running",2023-10-16 06:11:26,3.4,42,2023,c(4.847952, 52.365072)
"182","Jacket","running",2023-10-16 06:11:27,3.4,42,2023,c(4.848002, 52.365063)
"183","Jacket","running",2023-10-16 06:11:28,3.5,42,2023,c(4.84805, 52.36506)
"184","Jacket","running",2023-10-16 06:11:29,3.5,42,2023,c(4.848095, 52.365063)
"185","Jacket","running",2023-10-16 06:11:30,3.5,42,2023,c(4.848139, 52.365067)
"186","Jacket","running",2023-10-16 06:11:31,3.6,42,2023,c(4.848189, 52.365075)
"187","Jacket","running",2023-10-16 06:11:32,3.7,42,2023,c(4.848233, 52.365082)
"188","Jacket","running",2023-10-16 06:11:34,3.7,42,2023,c(4.848277, 52.36509)
"189","Jacket","running",2023-10-16 06:11:35,3.8,42,2023,c(4.848318, 52.3651)
"190","Jacket","running",2023-10-16 06:11:36,3.8,42,2023,c(4.848357, 52.365115)
"191","Jacket","running",2023-10-16 06:11:37,3.9,42,2023,c(4.848395, 52.365132)
"192","Jacket","running",2023-10-16 06:11:38,4,42,2023,c(4.848438, 52.365155)
"193","Jacket","running",2023-10-16 06:11:39,4,42,2023,c(4.848467, 52.365176)
"194","Jacket","running",2023-10-16 06:11:40,4.1,42,2023,c(4.848519, 52.365198)
"195","Jacket","running",2023-10-16 06:11:41,4.1,42,2023,c(4.848536, 52.365203)
"196","Jacket","running",2023-10-16 06:11:42,4.2,42,2023,c(4.848593, 52.36522)
"197","Jacket","running",2023-10-16 06:11:43,4.2,42,2023,c(4.848607, 52.365228)
"198","Jacket","running",2023-10-16 06:11:45,4.2,42,2023,c(4.848641, 52.365252)
"199","Jacket","running",2023-10-16 06:11:46,4.2,42,2023,c(4.848659, 52.365278)
"200","Jacket","running",2023-10-16 06:11:47,4.3,42,2023,c(4.848692, 52.365311)
"201","Jacket","running",2023-10-16 06:11:48,4.3,42,2023,c(4.848704, 52.365322)
"202","Jacket","running",2023-10-16 06:11:49,4.3,42,2023,c(4.848743, 52.365346)
"203","Jacket","running",2023-10-16 06:11:50,4.3,42,2023,c(4.848787, 52.365364)
"204","Jacket","running",2023-10-16 06:11:51,4.3,42,2023,c(4.84884, 52.36538)
"205","Jacket","running",2023-10-16 06:11:52,4.3,42,2023,c(4.848899, 52.365394)
"206","Jacket","running",2023-10-16 06:11:53,4.3,42,2023,c(4.848958, 52.365405)
"207","Jacket","running",2023-10-16 06:11:55,4.3,42,2023,c(4.849031, 52.36542)
"208","Jacket","running",2023-10-16 06:11:56,4.3,42,2023,c(4.84909, 52.365427)
"209","Jacket","running",2023-10-16 06:11:57,4.3,42,2023,c(4.849151, 52.365427)
"210","Jacket","running",2023-10-16 06:11:58,4.3,42,2023,c(4.849216, 52.365417)
"211","Jacket","running",2023-10-16 06:11:59,4.3,42,2023,c(4.849274, 52.365402)
"212","Jacket","running",2023-10-16 06:12:00,4.3,42,2023,c(4.849343, 52.365389)
"213","Jacket","running",2023-10-16 06:12:01,4.3,42,2023,c(4.849397, 52.365378)
"214","Jacket","running",2023-10-16 06:12:03,4.2,42,2023,c(4.84945, 52.365367)
"215","Jacket","running",2023-10-16 06:12:04,4.2,42,2023,c(4.849497, 52.365362)
"216","Jacket","running",2023-10-16 06:12:05,4.2,42,2023,c(4.849553, 52.365362)
"217","Jacket","running",2023-10-16 06:12:06,4.1,42,2023,c(4.849598, 52.365361)
"218","Jacket","running",2023-10-16 06:12:07,4.1,42,2023,c(4.849663, 52.365363)
"219","Jacket","running",2023-10-16 06:12:08,4.1,42,2023,c(4.849684, 52.365365)
"220","Jacket","running",2023-10-16 06:12:09,4,42,2023,c(4.849737, 52.365371)
"221","Jacket","running",2023-10-16 06:12:10,4,42,2023,c(4.849782, 52.365379)
"222","Jacket","running",2023-10-16 06:12:12,4,42,2023,c(4.849834, 52.365387)
"223","Jacket","running",2023-10-16 06:12:13,3.9,42,2023,c(4.849883, 52.365393)
"224","Jacket","running",2023-10-16 06:12:14,3.9,42,2023,c(4.849936, 52.365401)
"225","Jacket","running",2023-10-16 06:12:15,3.9,42,2023,c(4.849999, 52.365412)
"226","Jacket","running",2023-10-16 06:12:16,3.9,42,2023,c(4.850047, 52.365418)
"227","Jacket","running",2023-10-16 06:12:17,3.9,42,2023,c(4.850092, 52.365439)
"228","Jacket","running",2023-10-16 06:12:18,3.9,42,2023,c(4.850103, 52.365451)
"229","Jacket","running",2023-10-16 06:12:19,3.9,42,2023,c(4.850088, 52.365488)
"230","Jacket","running",2023-10-16 06:12:20,3.9,42,2023,c(4.850077, 52.365501)
"231","Jacket","running",2023-10-16 06:12:22,3.9,42,2023,c(4.850047, 52.365532)
"232","Jacket","running",2023-10-16 06:12:23,3.9,42,2023,c(4.85002, 52.365567)
"233","Jacket","running",2023-10-16 06:12:24,3.9,42,2023,c(4.849994, 52.365596)
"234","Jacket","running",2023-10-16 06:12:25,3.9,42,2023,c(4.849961, 52.36563)
"235","Jacket","running",2023-10-16 06:12:26,3.9,42,2023,c(4.849939, 52.365655)
"236","Jacket","running",2023-10-16 06:12:27,3.9,42,2023,c(4.849914, 52.365687)
"237","Jacket","running",2023-10-16 06:12:28,3.9,42,2023,c(4.849884, 52.365718)
"238","Jacket","running",2023-10-16 06:12:29,3.9,42,2023,c(4.849856, 52.365751)
"239","Jacket","running",2023-10-16 06:12:30,3.9,42,2023,c(4.849836, 52.365787)
"240","Jacket","running",2023-10-16 06:12:32,3.9,42,2023,c(4.849818, 52.365822)
"241","Jacket","running",2023-10-16 06:12:33,3.9,42,2023,c(4.849806, 52.36585)
"242","Jacket","running",2023-10-16 06:12:34,3.9,42,2023,c(4.849797, 52.365878)
"243","Jacket","running",2023-10-16 06:12:35,3.9,42,2023,c(4.849782, 52.365907)
"244","Jacket","running",2023-10-16 06:12:36,3.9,42,2023,c(4.849766, 52.365935)
"245","Jacket","running",2023-10-16 06:12:37,3.9,42,2023,c(4.849753, 52.365962)
"246","Jacket","running",2023-10-16 06:12:38,3.9,42,2023,c(4.849735, 52.365997)
"247","Jacket","running",2023-10-16 06:12:39,3.9,42,2023,c(4.849717, 52.366031)
"248","Jacket","running",2023-10-16 06:12:40,3.9,42,2023,c(4.849707, 52.366042)
"249","Jacket","running",2023-10-16 06:12:42,3.9,42,2023,c(4.849698, 52.366086)
"250","Jacket","running",2023-10-16 06:12:43,3.9,42,2023,c(4.849697, 52.366102)
"251","Jacket","running",2023-10-16 06:12:44,3.9,42,2023,c(4.849695, 52.366119)
"252","Jacket","running",2023-10-16 06:12:45,3.9,42,2023,c(4.849682, 52.366156)
"253","Jacket","running",2023-10-16 06:12:46,3.9,42,2023,c(4.849676, 52.366168)
"254","Jacket","running",2023-10-16 06:12:47,3.9,42,2023,c(4.849655, 52.366202)
"255","Jacket","running",2023-10-16 06:12:48,3.9,42,2023,c(4.849625, 52.366233)
"256","Jacket","running",2023-10-16 06:12:49,3.9,42,2023,c(4.84959, 52.366264)
"257","Jacket","running",2023-10-16 06:12:50,3.9,42,2023,c(4.849562, 52.366295)
"258","Jacket","running",2023-10-16 06:12:51,3.9,42,2023,c(4.849533, 52.366332)
"259","Jacket","running",2023-10-16 06:12:53,3.9,42,2023,c(4.849513, 52.366372)
"260","Jacket","running",2023-10-16 06:12:54,3.8,42,2023,c(4.849497, 52.366408)
"261","Jacket","running",2023-10-16 06:12:55,3.8,42,2023,c(4.849486, 52.366442)
"262","Jacket","running",2023-10-16 06:12:56,3.8,42,2023,c(4.84948, 52.366479)
"263","Jacket","running",2023-10-16 06:12:57,3.9,42,2023,c(4.849487, 52.366521)
"264","Jacket","running",2023-10-16 06:12:58,3.9,42,2023,c(4.849489, 52.366536)
"265","Jacket","running",2023-10-16 06:12:59,3.9,42,2023,c(4.849498, 52.366569)
"266","Jacket","running",2023-10-16 06:13:00,4,42,2023,c(4.849511, 52.366608)
"267","Jacket","running",2023-10-16 06:13:01,4,42,2023,c(4.849517, 52.366622)
"268","Jacket","running",2023-10-16 06:13:03,4,42,2023,c(4.849547, 52.366651)
"269","Jacket","running",2023-10-16 06:13:04,4.1,42,2023,c(4.849573, 52.366675)
"270","Jacket","running",2023-10-16 06:13:05,4.1,42,2023,c(4.849589, 52.366701)
"271","Jacket","running",2023-10-16 06:13:06,4.1,42,2023,c(4.849592, 52.366741)
"272","Jacket","running",2023-10-16 06:13:07,4.1,42,2023,c(4.849591, 52.366756)
"273","Jacket","running",2023-10-16 06:13:08,4.2,42,2023,c(4.849589, 52.366793)
"274","Jacket","running",2023-10-16 06:13:09,4.2,42,2023,c(4.849591, 52.366807)
"275","Jacket","running",2023-10-16 06:13:10,4.2,42,2023,c(4.849599, 52.366842)
"276","Jacket","running",2023-10-16 06:13:11,4.2,42,2023,c(4.849603, 52.366852)
"277","Jacket","running",2023-10-16 06:13:12,4.2,42,2023,c(4.849609, 52.366874)
"278","Jacket","running",2023-10-16 06:13:14,4.2,42,2023,c(4.849611, 52.366897)
"279","Jacket","running",2023-10-16 06:13:15,4.2,42,2023,c(4.84961, 52.366931)
"280","Jacket","running",2023-10-16 06:13:16,4.2,42,2023,c(4.84961, 52.366943)
"281","Jacket","running",2023-10-16 06:13:17,4.2,42,2023,c(4.84961, 52.366981)
"282","Jacket","running",2023-10-16 06:13:18,4.2,42,2023,c(4.84961, 52.366994)
"283","Jacket","running",2023-10-16 06:13:19,4.2,42,2023,c(4.849599, 52.367022)
"284","Jacket","running",2023-10-16 06:13:20,4.2,42,2023,c(4.849584, 52.367046)
"285","Jacket","running",2023-10-16 06:13:22,4.2,42,2023,c(4.849578, 52.367076)
"286","Jacket","running",2023-10-16 06:13:23,4.2,42,2023,c(4.849582, 52.367105)
"287","Jacket","running",2023-10-16 06:13:24,4.2,42,2023,c(4.849574, 52.367132)
"288","Jacket","running",2023-10-16 06:13:25,4.1,42,2023,c(4.849542, 52.367161)
"289","Jacket","running",2023-10-16 06:13:26,4.1,42,2023,c(4.849507, 52.36718)
"290","Jacket","running",2023-10-16 06:13:27,4.1,42,2023,c(4.849474, 52.3672)
"291","Jacket","running",2023-10-16 06:13:28,4.1,42,2023,c(4.849453, 52.367223)
"292","Jacket","running",2023-10-16 06:13:30,4.1,42,2023,c(4.849446, 52.367247)
"293","Jacket","running",2023-10-16 06:13:31,4.2,42,2023,c(4.849456, 52.367287)
"294","Jacket","running",2023-10-16 06:13:32,4.2,42,2023,c(4.849461, 52.367302)
"295","Jacket","running",2023-10-16 06:13:33,4.2,42,2023,c(4.849471, 52.367331)
"296","Jacket","running",2023-10-16 06:13:34,4.2,42,2023,c(4.849476, 52.367368)
"297","Jacket","running",2023-10-16 06:13:35,4.2,42,2023,c(4.849478, 52.367398)
"298","Jacket","running",2023-10-16 06:13:36,4.1,42,2023,c(4.849472, 52.367427)
"299","Jacket","running",2023-10-16 06:13:37,4.1,42,2023,c(4.84946, 52.367454)
"300","Jacket","running",2023-10-16 06:13:38,4.1,42,2023,c(4.849447, 52.367482)
"301","Jacket","running",2023-10-16 06:13:39,4.1,42,2023,c(4.849445, 52.367513)
"302","Jacket","running",2023-10-16 06:13:41,4.1,42,2023,c(4.849449, 52.367543)
"303","Jacket","running",2023-10-16 06:13:42,4.1,42,2023,c(4.849451, 52.36758)
"304","Jacket","running",2023-10-16 06:13:43,4.1,42,2023,c(4.849454, 52.367621)
"305","Jacket","running",2023-10-16 06:13:45,4.1,42,2023,c(4.84944, 52.367657)
"306","Jacket","running",2023-10-16 06:13:46,4.1,42,2023,c(4.849411, 52.36768)
"307","Jacket","running",2023-10-16 06:13:47,4.1,42,2023,c(4.84938, 52.367707)
"308","Jacket","running",2023-10-16 06:13:48,4.1,42,2023,c(4.849368, 52.367743)
"309","Jacket","running",2023-10-16 06:13:49,4.1,42,2023,c(4.849368, 52.367759)
"310","Jacket","running",2023-10-16 06:13:50,4.1,42,2023,c(4.849366, 52.367787)
"311","Jacket","running",2023-10-16 06:13:52,4.1,42,2023,c(4.849341, 52.367822)
"312","Jacket","running",2023-10-16 06:13:53,4.1,42,2023,c(4.849285, 52.367842)
"313","Jacket","running",2023-10-16 06:13:54,4.1,42,2023,c(4.849264, 52.367853)
"314","Jacket","running",2023-10-16 06:13:55,4.1,42,2023,c(4.849226, 52.367871)
"315","Jacket","running",2023-10-16 06:13:56,4.1,42,2023,c(4.849179, 52.367878)
"316","Jacket","running",2023-10-16 06:13:57,4.1,42,2023,c(4.849134, 52.367888)
"317","Jacket","running",2023-10-16 06:13:58,4.1,42,2023,c(4.849089, 52.367899)
"318","Jacket","running",2023-10-16 06:13:59,4.1,42,2023,c(4.849046, 52.367912)
"319","Jacket","running",2023-10-16 06:14:01,4.1,42,2023,c(4.848986, 52.36795)
"320","Jacket","running",2023-10-16 06:14:02,4.1,42,2023,c(4.84897, 52.367966)
"321","Jacket","running",2023-10-16 06:14:03,4.1,42,2023,c(4.848954, 52.367982)
"322","Jacket","running",2023-10-16 06:14:04,4.1,42,2023,c(4.84894, 52.368013)
"323","Jacket","running",2023-10-16 06:14:05,4.1,42,2023,c(4.848928, 52.368046)
"324","Jacket","running",2023-10-16 06:14:06,4.1,42,2023,c(4.848913, 52.368076)
"325","Jacket","running",2023-10-16 06:14:07,4.1,42,2023,c(4.848895, 52.368108)
"326","Jacket","running",2023-10-16 06:14:09,4.1,42,2023,c(4.848877, 52.368148)
"327","Jacket","running",2023-10-16 06:14:10,4.1,42,2023,c(4.848865, 52.368177)
"328","Jacket","running",2023-10-16 06:14:11,4.1,42,2023,c(4.848836, 52.368212)
"329","Jacket","running",2023-10-16 06:14:12,4.1,42,2023,c(4.848824, 52.368224)
"330","Jacket","running",2023-10-16 06:14:13,4.1,42,2023,c(4.848781, 52.368255)
"331","Jacket","running",2023-10-16 06:14:14,3.7,42,2023,c(4.848763, 52.368265)
"332","Jacket","running",2023-10-16 06:14:15,3.6,42,2023,c(4.848731, 52.368279)
"333","Jacket","running",2023-10-16 06:14:17,3.5,42,2023,c(4.848687, 52.368294)
"334","Jacket","running",2023-10-16 06:14:18,3.5,42,2023,c(4.84864, 52.368298)
"335","Jacket","running",2023-10-16 06:14:19,3.4,42,2023,c(4.848572, 52.368306)
"336","Jacket","running",2023-10-16 06:14:21,3.3,42,2023,c(4.848508, 52.368301)
"337","Jacket","running",2023-10-16 06:14:22,3.2,42,2023,c(4.848456, 52.368291)
"338","Jacket","running",2023-10-16 06:14:23,3.2,42,2023,c(4.848405, 52.368285)
"339","Jacket","running",2023-10-16 06:14:24,3.2,42,2023,c(4.848351, 52.368293)
"340","Jacket","running",2023-10-16 06:14:25,3.2,42,2023,c(4.848339, 52.368299)
"341","Jacket","running",2023-10-16 06:14:26,3.2,42,2023,c(4.848327, 52.368327)
"342","Jacket","running",2023-10-16 06:14:27,3.2,42,2023,c(4.848327, 52.368337)
"343","Jacket","running",2023-10-16 06:14:28,3.1,42,2023,c(4.848333, 52.368377)
"344","Jacket","running",2023-10-16 06:14:29,3.1,42,2023,c(4.848337, 52.368391)
"345","Jacket","running",2023-10-16 06:14:31,3.1,42,2023,c(4.848342, 52.368422)
"346","Jacket","running",2023-10-16 06:14:32,3.1,42,2023,c(4.848338, 52.36846)
"347","Jacket","running",2023-10-16 06:14:33,3.1,42,2023,c(4.848338, 52.368495)
"348","Jacket","running",2023-10-16 06:14:34,3,42,2023,c(4.848335, 52.368529)
"349","Jacket","running",2023-10-16 06:14:35,3,42,2023,c(4.848332, 52.368564)
"350","Jacket","running",2023-10-16 06:14:36,3,42,2023,c(4.848324, 52.368608)
"351","Jacket","running",2023-10-16 06:14:37,3,42,2023,c(4.848317, 52.368644)
"352","Jacket","running",2023-10-16 06:14:39,2.9,42,2023,c(4.848314, 52.368694)
"353","Jacket","running",2023-10-16 06:14:40,2.9,42,2023,c(4.848296, 52.368736)
"354","Jacket","running",2023-10-16 06:14:41,2.9,42,2023,c(4.848271, 52.368772)
"355","Jacket","running",2023-10-16 06:14:42,2.9,42,2023,c(4.848261, 52.368805)
"356","Jacket","running",2023-10-16 06:14:44,3,42,2023,c(4.848241, 52.368851)
"357","Jacket","running",2023-10-16 06:14:45,3,42,2023,c(4.848244, 52.368882)
"358","Jacket","running",2023-10-16 06:14:46,3,42,2023,c(4.848243, 52.368911)
"359","Jacket","running",2023-10-16 06:14:47,3,42,2023,c(4.848237, 52.368936)
"360","Jacket","running",2023-10-16 06:14:49,3,42,2023,c(4.848232, 52.36897)
"361","Jacket","running",2023-10-16 06:14:50,3,42,2023,c(4.848234, 52.368998)
"362","Jacket","running",2023-10-16 06:14:51,3,42,2023,c(4.848231, 52.369027)
"363","Jacket","running",2023-10-16 06:14:52,3,42,2023,c(4.848221, 52.369062)
"364","Jacket","running",2023-10-16 06:14:53,3.1,42,2023,c(4.848218, 52.369091)
"365","Jacket","running",2023-10-16 06:14:54,3.1,42,2023,c(4.848219, 52.369119)
"366","Jacket","running",2023-10-16 06:14:56,3.1,42,2023,c(4.848222, 52.369154)
"367","Jacket","running",2023-10-16 06:14:57,3.1,42,2023,c(4.848222, 52.369181)
"368","Jacket","running",2023-10-16 06:14:58,3.1,42,2023,c(4.84822, 52.36921)
"369","Jacket","running",2023-10-16 06:14:59,3.1,42,2023,c(4.848212, 52.369249)
"370","Jacket","running",2023-10-16 06:15:00,3.1,42,2023,c(4.848208, 52.369262)
"371","Jacket","running",2023-10-16 06:15:01,3.1,42,2023,c(4.848181, 52.3693)
"372","Jacket","running",2023-10-16 06:15:02,3.1,42,2023,c(4.848171, 52.369316)
"373","Jacket","running",2023-10-16 06:15:03,3,42,2023,c(4.848144, 52.369353)
"374","Jacket","running",2023-10-16 06:15:04,3,42,2023,c(4.848133, 52.369365)
"375","Jacket","running",2023-10-16 06:15:06,3,42,2023,c(4.848111, 52.369389)
"376","Jacket","running",2023-10-16 06:15:07,3,42,2023,c(4.848086, 52.369419)
"377","Jacket","running",2023-10-16 06:15:08,3,42,2023,c(4.848067, 52.369444)
"378","Jacket","running",2023-10-16 06:15:09,2.9,42,2023,c(4.84805, 52.369477)
"379","Jacket","running",2023-10-16 06:15:10,2.9,42,2023,c(4.848044, 52.369513)
"380","Jacket","running",2023-10-16 06:15:11,2.9,42,2023,c(4.848042, 52.369529)
"381","Jacket","running",2023-10-16 06:15:12,2.9,42,2023,c(4.848037, 52.36956)
"382","Jacket","running",2023-10-16 06:15:13,2.9,42,2023,c(4.848028, 52.369587)
"383","Jacket","running",2023-10-16 06:15:15,2.9,42,2023,c(4.848013, 52.369629)
"384","Jacket","running",2023-10-16 06:15:16,2.9,42,2023,c(4.848009, 52.369645)
"385","Jacket","running",2023-10-16 06:15:17,2.9,42,2023,c(4.848004, 52.369661)
"386","Jacket","running",2023-10-16 06:15:18,2.9,42,2023,c(4.847989, 52.3697)
"387","Jacket","running",2023-10-16 06:15:19,2.9,42,2023,c(4.847984, 52.369716)
"388","Jacket","running",2023-10-16 06:15:20,2.9,42,2023,c(4.847981, 52.369753)
"389","Jacket","running",2023-10-16 06:15:21,2.9,42,2023,c(4.847983, 52.369766)
"390","Jacket","running",2023-10-16 06:15:23,2.9,42,2023,c(4.847993, 52.369811)
"391","Jacket","running",2023-10-16 06:15:24,2.9,42,2023,c(4.847997, 52.369828)
"392","Jacket","running",2023-10-16 06:15:25,3,42,2023,c(4.848, 52.369845)
"393","Jacket","running",2023-10-16 06:15:26,3,42,2023,c(4.848007, 52.369884)
"394","Jacket","running",2023-10-16 06:15:27,3,42,2023,c(4.848009, 52.369897)
"395","Jacket","running",2023-10-16 06:15:28,3,42,2023,c(4.847987, 52.369935)
"396","Jacket","running",2023-10-16 06:15:29,3.1,42,2023,c(4.847976, 52.369951)
"397","Jacket","running",2023-10-16 06:15:30,3.1,42,2023,c(4.847958, 52.369977)
"398","Jacket","running",2023-10-16 06:15:31,3.1,42,2023,c(4.847938, 52.370014)
"399","Jacket","running",2023-10-16 06:15:32,3.1,42,2023,c(4.847933, 52.370027)
"400","Jacket","running",2023-10-16 06:15:34,3.8,42,2023,c(4.847918, 52.370058)
"401","Jacket","running",2023-10-16 06:15:35,3.8,42,2023,c(4.847905, 52.370086)
"402","Jacket","running",2023-10-16 06:15:36,3.9,42,2023,c(4.847893, 52.370115)
"403","Jacket","running",2023-10-16 06:15:37,4,42,2023,c(4.847881, 52.370141)
"404","Jacket","running",2023-10-16 06:15:38,4,42,2023,c(4.847864, 52.37017)
"405","Jacket","running",2023-10-16 06:15:39,4,42,2023,c(4.847847, 52.3702)
"406","Jacket","running",2023-10-16 06:15:40,4,42,2023,c(4.847834, 52.370227)
"407","Jacket","running",2023-10-16 06:15:41,4,42,2023,c(4.847823, 52.370263)
"408","Jacket","running",2023-10-16 06:15:42,4,42,2023,c(4.847806, 52.370302)
"409","Jacket","running",2023-10-16 06:15:43,4,42,2023,c(4.8478, 52.370315)
"410","Jacket","running",2023-10-16 06:15:45,4,42,2023,c(4.847788, 52.370346)
"411","Jacket","running",2023-10-16 06:15:46,4,42,2023,c(4.847779, 52.370372)
"412","Jacket","running",2023-10-16 06:15:47,4,42,2023,c(4.847771, 52.370399)
"413","Jacket","running",2023-10-16 06:15:48,4,42,2023,c(4.847759, 52.370435)
"414","Jacket","running",2023-10-16 06:15:49,4,42,2023,c(4.847741, 52.370464)
"415","Jacket","running",2023-10-16 06:15:50,4,42,2023,c(4.847722, 52.370489)
"416","Jacket","running",2023-10-16 06:15:51,4,42,2023,c(4.84769, 52.370517)
"417","Jacket","running",2023-10-16 06:15:53,4.1,42,2023,c(4.847658, 52.37055)
"418","Jacket","running",2023-10-16 06:15:54,3.9,42,2023,c(4.847625, 52.370586)
"419","Jacket","running",2023-10-16 06:15:55,3.9,42,2023,c(4.847605, 52.370611)
"420","Jacket","running",2023-10-16 06:15:56,3.9,42,2023,c(4.847585, 52.370642)
"421","Jacket","running",2023-10-16 06:15:57,4,42,2023,c(4.847564, 52.370673)
"422","Jacket","running",2023-10-16 06:15:58,4,42,2023,c(4.847541, 52.370706)
"423","Jacket","running",2023-10-16 06:15:59,4.1,42,2023,c(4.847524, 52.370737)
"424","Jacket","running",2023-10-16 06:16:01,4.1,42,2023,c(4.847506, 52.370773)
"425","Jacket","running",2023-10-16 06:16:02,4.1,42,2023,c(4.847483, 52.370808)
"426","Jacket","running",2023-10-16 06:16:03,4.2,42,2023,c(4.847448, 52.370829)
"427","Jacket","running",2023-10-16 06:16:04,4.2,42,2023,c(4.847433, 52.370833)
"428","Jacket","running",2023-10-16 06:16:06,4.2,42,2023,c(4.847387, 52.370843)
"429","Jacket","running",2023-10-16 06:16:07,4.2,42,2023,c(4.847374, 52.370846)
"430","Jacket","running",2023-10-16 06:16:08,4.2,42,2023,c(4.847356, 52.370872)
"431","Jacket","running",2023-10-16 06:16:09,4.2,42,2023,c(4.847353, 52.370882)
"432","Jacket","running",2023-10-16 06:16:10,4.3,42,2023,c(4.847356, 52.37092)
"433","Jacket","running",2023-10-16 06:16:11,4.3,42,2023,c(4.847358, 52.370932)
"434","Jacket","running",2023-10-16 06:16:13,4.3,42,2023,c(4.847359, 52.37096)
"435","Jacket","running",2023-10-16 06:16:14,4.3,42,2023,c(4.847363, 52.370988)
"436","Jacket","running",2023-10-16 06:16:15,4.3,42,2023,c(4.847365, 52.371021)
"437","Jacket","running",2023-10-16 06:16:16,4.4,42,2023,c(4.847367, 52.371049)
"438","Jacket","running",2023-10-16 06:16:17,4.4,42,2023,c(4.847375, 52.371076)
"439","Jacket","running",2023-10-16 06:16:18,4.4,42,2023,c(4.847381, 52.371104)
"440","Jacket","running",2023-10-16 06:16:19,4.4,42,2023,c(4.84738, 52.371129)
"441","Jacket","running",2023-10-16 06:16:21,4.4,42,2023,c(4.847387, 52.37116)
"442","Jacket","running",2023-10-16 06:16:22,4.4,42,2023,c(4.847384, 52.371192)
"443","Jacket","running",2023-10-16 06:16:23,4.4,42,2023,c(4.847381, 52.371234)
"444","Jacket","running",2023-10-16 06:16:24,4.4,42,2023,c(4.847381, 52.37125)
"445","Jacket","running",2023-10-16 06:16:25,4.5,42,2023,c(4.847386, 52.371281)
"446","Jacket","running",2023-10-16 06:16:26,4.5,42,2023,c(4.847386, 52.371313)
"447","Jacket","running",2023-10-16 06:16:27,4.5,42,2023,c(4.847377, 52.371341)
"448","Jacket","running",2023-10-16 06:16:29,4.5,42,2023,c(4.847353, 52.371366)
"449","Jacket","running",2023-10-16 06:16:30,4.5,42,2023,c(4.847319, 52.371386)
"450","Jacket","running",2023-10-16 06:16:31,4.5,42,2023,c(4.847276, 52.37141)
"451","Jacket","running",2023-10-16 06:16:32,4.5,42,2023,c(4.847245, 52.371432)
"452","Jacket","running",2023-10-16 06:16:33,4.5,42,2023,c(4.847221, 52.371468)
"453","Jacket","running",2023-10-16 06:16:34,4.5,42,2023,c(4.847215, 52.37148)
"454","Jacket","running",2023-10-16 06:16:35,4.5,42,2023,c(4.847209, 52.371517)
"455","Jacket","running",2023-10-16 06:16:36,4.5,42,2023,c(4.847207, 52.371529)
"456","Jacket","running",2023-10-16 06:16:38,4.5,42,2023,c(4.847204, 52.37156)
"457","Jacket","running",2023-10-16 06:16:39,4.5,42,2023,c(4.847208, 52.371589)
"458","Jacket","running",2023-10-16 06:16:40,4.4,42,2023,c(4.847211, 52.371618)
"459","Jacket","running",2023-10-16 06:16:41,4.4,42,2023,c(4.847213, 52.371646)
"460","Jacket","running",2023-10-16 06:16:42,4.4,42,2023,c(4.847212, 52.371674)
"461","Jacket","running",2023-10-16 06:16:43,4.4,42,2023,c(4.847212, 52.371702)
"462","Jacket","running",2023-10-16 06:16:44,4.4,42,2023,c(4.847209, 52.371732)
"463","Jacket","running",2023-10-16 06:16:45,4.4,42,2023,c(4.847199, 52.371758)
"464","Jacket","running",2023-10-16 06:16:47,4.4,42,2023,c(4.847178, 52.371778)
"465","Jacket","running",2023-10-16 06:16:48,4.4,42,2023,c(4.847126, 52.371795)
"466","Jacket","running",2023-10-16 06:16:49,4.4,42,2023,c(4.847107, 52.371799)
"467","Jacket","running",2023-10-16 06:16:50,4.4,42,2023,c(4.847064, 52.371811)
"468","Jacket","running",2023-10-16 06:16:51,4.4,42,2023,c(4.847007, 52.371821)
"469","Jacket","running",2023-10-16 06:16:52,4.4,42,2023,c(4.846963, 52.37183)
"470","Jacket","running",2023-10-16 06:16:53,4.4,42,2023,c(4.846919, 52.371841)
"471","Jacket","running",2023-10-16 06:16:55,4.3,42,2023,c(4.846866, 52.371854)
"472","Jacket","running",2023-10-16 06:16:56,4.3,42,2023,c(4.846817, 52.371865)
"473","Jacket","running",2023-10-16 06:16:57,4.3,42,2023,c(4.846766, 52.371873)
"474","Jacket","running",2023-10-16 06:16:58,4.3,42,2023,c(4.846718, 52.371881)
"475","Jacket","running",2023-10-16 06:16:59,4.3,42,2023,c(4.846671, 52.371886)
"476","Jacket","running",2023-10-16 06:17:00,4.3,42,2023,c(4.84662, 52.371884)
"477","Jacket","running",2023-10-16 06:17:01,4.3,42,2023,c(4.846571, 52.371882)
"478","Jacket","running",2023-10-16 06:17:02,4.3,42,2023,c(4.846523, 52.371883)
"479","Jacket","running",2023-10-16 06:17:03,4.3,42,2023,c(4.846477, 52.371884)
"480","Jacket","running",2023-10-16 06:17:04,4.3,42,2023,c(4.846431, 52.371886)
"481","Jacket","running",2023-10-16 06:17:06,4.3,42,2023,c(4.846375, 52.371893)
"482","Jacket","running",2023-10-16 06:17:07,4.3,42,2023,c(4.846325, 52.371899)
"483","Jacket","running",2023-10-16 06:17:08,4.3,42,2023,c(4.846278, 52.371901)
"484","Jacket","running",2023-10-16 06:17:09,4.3,42,2023,c(4.846219, 52.371907)
"485","Jacket","running",2023-10-16 06:17:10,4.3,42,2023,c(4.846164, 52.371914)
"486","Jacket","running",2023-10-16 06:17:11,4.3,42,2023,c(4.846143, 52.371916)
"487","Jacket","running",2023-10-16 06:17:12,4.3,42,2023,c(4.846095, 52.37192)
"488","Jacket","running",2023-10-16 06:17:13,4.3,42,2023,c(4.846049, 52.371917)
"489","Jacket","running",2023-10-16 06:17:15,4.3,42,2023,c(4.845992, 52.371915)
"490","Jacket","running",2023-10-16 06:17:16,4.3,42,2023,c(4.845947, 52.371911)
"491","Jacket","running",2023-10-16 06:17:17,4.2,42,2023,c(4.845899, 52.371906)
"492","Jacket","running",2023-10-16 06:17:18,4.2,42,2023,c(4.845849, 52.371901)
"493","Jacket","running",2023-10-16 06:17:19,4.2,42,2023,c(4.845794, 52.371888)
"494","Jacket","running",2023-10-16 06:17:20,4.2,42,2023,c(4.845744, 52.371883)
"495","Jacket","running",2023-10-16 06:17:22,4.2,42,2023,c(4.845647, 52.371869)
"496","Jacket","running",2023-10-16 06:17:24,4.2,42,2023,c(4.845593, 52.371855)
"497","Jacket","running",2023-10-16 06:17:25,4.2,42,2023,c(4.845549, 52.37184)
"498","Jacket","running",2023-10-16 06:17:26,4.3,42,2023,c(4.845503, 52.371826)
"499","Jacket","running",2023-10-16 06:17:27,4.6,42,2023,c(4.845455, 52.371813)
"500","Jacket","running",2023-10-16 06:17:28,4.6,42,2023,c(4.845408, 52.371802)
"501","Jacket","running",2023-10-16 06:17:29,4.6,42,2023,c(4.845353, 52.371783)
"502","Jacket","running",2023-10-16 06:17:30,4.6,42,2023,c(4.845335, 52.371775)
"503","Jacket","running",2023-10-16 06:17:31,4.6,42,2023,c(4.845307, 52.371754)
"504","Jacket","running",2023-10-16 06:17:33,4.5,42,2023,c(4.845289, 52.371729)
"505","Jacket","running",2023-10-16 06:17:34,4.5,42,2023,c(4.845286, 52.3717)
"506","Jacket","running",2023-10-16 06:17:35,4.4,42,2023,c(4.845265, 52.371664)
"507","Jacket","running",2023-10-16 06:17:36,4.4,42,2023,c(4.845256, 52.371652)
"508","Jacket","running",2023-10-16 06:17:37,4.4,42,2023,c(4.84524, 52.371626)
"509","Jacket","running",2023-10-16 06:17:38,4.3,42,2023,c(4.845222, 52.371593)
"510","Jacket","running",2023-10-16 06:17:39,4.3,42,2023,c(4.84519, 52.37156)
"511","Jacket","running",2023-10-16 06:17:40,4.2,42,2023,c(4.84518, 52.371549)
"512","Jacket","running",2023-10-16 06:17:42,4.2,42,2023,c(4.845159, 52.371521)
"513","Jacket","running",2023-10-16 06:17:43,4.1,42,2023,c(4.845141, 52.371491)
"514","Jacket","running",2023-10-16 06:17:44,4.1,42,2023,c(4.845146, 52.371453)
"515","Jacket","running",2023-10-16 06:17:45,4.1,42,2023,c(4.845148, 52.371436)
"516","Jacket","running",2023-10-16 06:17:46,4,42,2023,c(4.84516, 52.371404)
"517","Jacket","running",2023-10-16 06:17:47,3.9,42,2023,c(4.845169, 52.371371)
"518","Jacket","running",2023-10-16 06:17:48,3.9,42,2023,c(4.845175, 52.371334)
"519","Jacket","running",2023-10-16 06:17:49,3.8,42,2023,c(4.84519, 52.371303)
"520","Jacket","running",2023-10-16 06:17:50,3.7,42,2023,c(4.845192, 52.371272)
"521","Jacket","running",2023-10-16 06:17:51,3.7,42,2023,c(4.845194, 52.37124)
"522","Jacket","running",2023-10-16 06:17:53,3.6,42,2023,c(4.845191, 52.37121)
"523","Jacket","running",2023-10-16 06:17:54,3.5,42,2023,c(4.84518, 52.37118)
"524","Jacket","running",2023-10-16 06:17:55,3.4,42,2023,c(4.845169, 52.371151)
"525","Jacket","running",2023-10-16 06:17:56,3.4,42,2023,c(4.84516, 52.37112)
"526","Jacket","running",2023-10-16 06:17:57,3.4,42,2023,c(4.845155, 52.371091)
"527","Jacket","running",2023-10-16 06:17:58,3.4,42,2023,c(4.845138, 52.371056)
"528","Jacket","running",2023-10-16 06:17:59,3.4,42,2023,c(4.845123, 52.371031)
"529","Jacket","running",2023-10-16 06:18:00,3.3,42,2023,c(4.845111, 52.371002)
"530","Jacket","running",2023-10-16 06:18:02,3.3,42,2023,c(4.8451, 52.37096)
"531","Jacket","running",2023-10-16 06:18:03,3.3,42,2023,c(4.845107, 52.370923)
"532","Jacket","running",2023-10-16 06:18:04,3.3,42,2023,c(4.845109, 52.370907)
"533","Jacket","running",2023-10-16 06:18:05,3.3,42,2023,c(4.845111, 52.370875)
"534","Jacket","running",2023-10-16 06:18:06,3.3,42,2023,c(4.845108, 52.370839)
"535","Jacket","running",2023-10-16 06:18:07,3.3,42,2023,c(4.845106, 52.370812)
"536","Jacket","running",2023-10-16 06:18:09,3.3,42,2023,c(4.845107, 52.37078)
"537","Jacket","running",2023-10-16 06:18:10,3.3,42,2023,c(4.845112, 52.370748)
"538","Jacket","running",2023-10-16 06:18:11,3.3,42,2023,c(4.845117, 52.370719)
"539","Jacket","running",2023-10-16 06:18:12,3.3,42,2023,c(4.845118, 52.370689)
"540","Jacket","running",2023-10-16 06:18:13,3.3,42,2023,c(4.84512, 52.370652)
"541","Jacket","running",2023-10-16 06:18:14,3.3,42,2023,c(4.845128, 52.370624)
"542","Jacket","running",2023-10-16 06:18:15,3.3,42,2023,c(4.845137, 52.370597)
"543","Jacket","running",2023-10-16 06:18:17,3.3,42,2023,c(4.845157, 52.370569)
"544","Jacket","running",2023-10-16 06:18:18,3.3,42,2023,c(4.845185, 52.370545)
"545","Jacket","running",2023-10-16 06:18:19,3.3,42,2023,c(4.845218, 52.37051)
"546","Jacket","running",2023-10-16 06:18:20,3.3,42,2023,c(4.845227, 52.370497)
"547","Jacket","running",2023-10-16 06:18:21,3.3,42,2023,c(4.845234, 52.370458)
"548","Jacket","running",2023-10-16 06:18:22,3.3,42,2023,c(4.845234, 52.370444)
"549","Jacket","running",2023-10-16 06:18:23,3.3,42,2023,c(4.845227, 52.370417)
"550","Jacket","running",2023-10-16 06:18:24,3.3,42,2023,c(4.845218, 52.370387)
"551","Jacket","running",2023-10-16 06:18:25,3.3,42,2023,c(4.845204, 52.370357)
"552","Jacket","running",2023-10-16 06:18:26,3.3,42,2023,c(4.845194, 52.370328)
"553","Jacket","running",2023-10-16 06:18:28,3.3,42,2023,c(4.845185, 52.370299)
"554","Jacket","running",2023-10-16 06:18:29,3.3,42,2023,c(4.845175, 52.370267)
"555","Jacket","running",2023-10-16 06:18:30,3.3,42,2023,c(4.845165, 52.370236)
"556","Jacket","running",2023-10-16 06:18:31,3.4,42,2023,c(4.84516, 52.370204)
"557","Jacket","running",2023-10-16 06:18:32,3.4,42,2023,c(4.845165, 52.370174)
"558","Jacket","running",2023-10-16 06:18:33,3.4,42,2023,c(4.845169, 52.370142)
"559","Jacket","running",2023-10-16 06:18:34,3.4,42,2023,c(4.845171, 52.370114)
"560","Jacket","running",2023-10-16 06:18:35,3.4,42,2023,c(4.845172, 52.370083)
"561","Jacket","running",2023-10-16 06:18:36,3.5,42,2023,c(4.845172, 52.37005)
"562","Jacket","running",2023-10-16 06:18:37,3.5,42,2023,c(4.845171, 52.37002)
"563","Jacket","running",2023-10-16 06:18:39,3.5,42,2023,c(4.845168, 52.369986)
"564","Jacket","running",2023-10-16 06:18:40,3.6,42,2023,c(4.845164, 52.369956)
"565","Jacket","running",2023-10-16 06:18:41,3.6,42,2023,c(4.845159, 52.369926)
"566","Jacket","running",2023-10-16 06:18:42,3.6,42,2023,c(4.845153, 52.369896)
"567","Jacket","running",2023-10-16 06:18:43,3.7,42,2023,c(4.845149, 52.369863)
"568","Jacket","running",2023-10-16 06:18:44,3.7,42,2023,c(4.845147, 52.369833)
"569","Jacket","running",2023-10-16 06:18:45,3.7,42,2023,c(4.845147, 52.369802)
"570","Jacket","running",2023-10-16 06:18:46,3.7,42,2023,c(4.84515, 52.369767)
"571","Jacket","running",2023-10-16 06:18:47,3.7,42,2023,c(4.845154, 52.369737)
"572","Jacket","running",2023-10-16 06:18:49,3.7,42,2023,c(4.845156, 52.3697)
"573","Jacket","running",2023-10-16 06:18:50,3.6,42,2023,c(4.845155, 52.369671)
"574","Jacket","running",2023-10-16 06:18:51,3.6,42,2023,c(4.845153, 52.369641)
"575","Jacket","running",2023-10-16 06:18:52,3.6,42,2023,c(4.845152, 52.369611)
"576","Jacket","running",2023-10-16 06:18:53,3.5,42,2023,c(4.845149, 52.369572)
"577","Jacket","running",2023-10-16 06:18:54,3.5,42,2023,c(4.845145, 52.369545)
"578","Jacket","running",2023-10-16 06:18:55,3.5,42,2023,c(4.845143, 52.369514)
"579","Jacket","running",2023-10-16 06:18:56,3.4,42,2023,c(4.845146, 52.369485)
"580","Jacket","running",2023-10-16 06:18:57,3.3,42,2023,c(4.845146, 52.369455)
"581","Jacket","running",2023-10-16 06:18:59,3.3,42,2023,c(4.845145, 52.369425)
"582","Jacket","running",2023-10-16 06:19:00,3.3,42,2023,c(4.845141, 52.369394)
"583","Jacket","running",2023-10-16 06:19:01,3.3,42,2023,c(4.845137, 52.369362)
"584","Jacket","running",2023-10-16 06:19:02,3.2,42,2023,c(4.845136, 52.369332)
"585","Jacket","running",2023-10-16 06:19:03,3.2,42,2023,c(4.845131, 52.369299)
"586","Jacket","running",2023-10-16 06:19:04,3.1,42,2023,c(4.84513, 52.369264)
"587","Jacket","running",2023-10-16 06:19:05,3,42,2023,c(4.845136, 52.369234)
"588","Jacket","running",2023-10-16 06:19:06,2.9,42,2023,c(4.845144, 52.369203)
"589","Jacket","running",2023-10-16 06:19:08,2.9,42,2023,c(4.845155, 52.369163)
"590","Jacket","running",2023-10-16 06:19:09,2.9,42,2023,c(4.845166, 52.369131)
"591","Jacket","running",2023-10-16 06:19:10,2.9,42,2023,c(4.845167, 52.369099)
"592","Jacket","running",2023-10-16 06:19:11,2.9,42,2023,c(4.84516, 52.369068)
"593","Jacket","running",2023-10-16 06:19:12,2.9,42,2023,c(4.845146, 52.369039)
"594","Jacket","running",2023-10-16 06:19:13,2.9,42,2023,c(4.845129, 52.369008)
"595","Jacket","running",2023-10-16 06:19:14,2.9,42,2023,c(4.84511, 52.368982)
"596","Jacket","running",2023-10-16 06:19:15,2.9,42,2023,c(4.845092, 52.368952)
"597","Jacket","running",2023-10-16 06:19:17,2.9,42,2023,c(4.845076, 52.368915)
"598","Jacket","running",2023-10-16 06:19:18,2.9,42,2023,c(4.845065, 52.368886)
"599","Jacket","running",2023-10-16 06:19:19,2.9,42,2023,c(4.845053, 52.368856)
"600","Jacket","running",2023-10-16 06:19:20,2.9,42,2023,c(4.845041, 52.368827)
"601","Jacket","running",2023-10-16 06:19:21,2.9,42,2023,c(4.845035, 52.368797)
"602","Jacket","running",2023-10-16 06:19:22,2.9,42,2023,c(4.845032, 52.368766)
"603","Jacket","running",2023-10-16 06:19:23,2.9,42,2023,c(4.845029, 52.368733)
"604","Jacket","running",2023-10-16 06:19:24,3,42,2023,c(4.845025, 52.368699)
"605","Jacket","running",2023-10-16 06:19:25,3,42,2023,c(4.845026, 52.368667)
"606","Jacket","running",2023-10-16 06:19:27,3,42,2023,c(4.845029, 52.368626)
"607","Jacket","running",2023-10-16 06:19:28,3,42,2023,c(4.845032, 52.368594)
"608","Jacket","running",2023-10-16 06:19:29,3,42,2023,c(4.845041, 52.368562)
"609","Jacket","running",2023-10-16 06:19:30,3,42,2023,c(4.845056, 52.368532)
"610","Jacket","running",2023-10-16 06:19:31,3.1,42,2023,c(4.845076, 52.368503)
"611","Jacket","running",2023-10-16 06:19:32,3.1,42,2023,c(4.845097, 52.368464)
"612","Jacket","running",2023-10-16 06:19:33,3.1,42,2023,c(4.845112, 52.368433)
"613","Jacket","running",2023-10-16 06:19:34,3.1,42,2023,c(4.845125, 52.368403)
"614","Jacket","running",2023-10-16 06:19:35,3.1,42,2023,c(4.845131, 52.36837)
"615","Jacket","running",2023-10-16 06:19:37,3.1,42,2023,c(4.845137, 52.368331)
"616","Jacket","running",2023-10-16 06:19:38,3.1,42,2023,c(4.845142, 52.368287)
"617","Jacket","running",2023-10-16 06:19:39,3.1,42,2023,c(4.845147, 52.368254)
"618","Jacket","running",2023-10-16 06:19:40,3.1,42,2023,c(4.845149, 52.368219)
"619","Jacket","running",2023-10-16 06:19:41,3.1,42,2023,c(4.845143, 52.368186)
"620","Jacket","running",2023-10-16 06:19:42,3.1,42,2023,c(4.845136, 52.36815)
"621","Jacket","running",2023-10-16 06:19:43,3.1,42,2023,c(4.845132, 52.368109)
"622","Jacket","running",2023-10-16 06:19:44,3.1,42,2023,c(4.845131, 52.368093)
"623","Jacket","running",2023-10-16 06:19:46,3.1,42,2023,c(4.845132, 52.368055)
"624","Jacket","running",2023-10-16 06:19:47,3.1,42,2023,c(4.845132, 52.368025)
"625","Jacket","running",2023-10-16 06:19:48,3.2,42,2023,c(4.84513, 52.367993)
"626","Jacket","running",2023-10-16 06:19:49,3.2,42,2023,c(4.845129, 52.367962)
"627","Jacket","running",2023-10-16 06:19:50,3.2,42,2023,c(4.84513, 52.367931)
"628","Jacket","running",2023-10-16 06:19:51,3.2,42,2023,c(4.84513, 52.367901)
"629","Jacket","running",2023-10-16 06:19:52,3.3,42,2023,c(4.845131, 52.367864)
"630","Jacket","running",2023-10-16 06:19:53,3.3,42,2023,c(4.845132, 52.367837)
"631","Jacket","running",2023-10-16 06:19:54,3.3,42,2023,c(4.845127, 52.367806)
"632","Jacket","running",2023-10-16 06:19:56,3.3,42,2023,c(4.845111, 52.367775)
"633","Jacket","running",2023-10-16 06:19:57,3.4,42,2023,c(4.845085, 52.367741)
"634","Jacket","running",2023-10-16 06:19:58,3.4,42,2023,c(4.845056, 52.367719)
"635","Jacket","running",2023-10-16 06:19:59,3.4,42,2023,c(4.845019, 52.367703)
"636","Jacket","running",2023-10-16 06:20:00,3.4,42,2023,c(4.844987, 52.367681)
"637","Jacket","running",2023-10-16 06:20:01,3.5,42,2023,c(4.844964, 52.367665)
"638","Jacket","running",2023-10-16 06:20:03,3.5,42,2023,c(4.844944, 52.36764)
"639","Jacket","running",2023-10-16 06:20:04,3.5,42,2023,c(4.844909, 52.367611)
"640","Jacket","running",2023-10-16 06:20:05,3.5,42,2023,c(4.844896, 52.367602)
"641","Jacket","running",2023-10-16 06:20:06,3.6,42,2023,c(4.844842, 52.367577)
"642","Jacket","running",2023-10-16 06:20:07,3.6,42,2023,c(4.844818, 52.367569)
"643","Jacket","running",2023-10-16 06:20:08,3.6,42,2023,c(4.84475, 52.367577)
"644","Jacket","running",2023-10-16 06:20:09,3.6,42,2023,c(4.844725, 52.36758)
"645","Jacket","running",2023-10-16 06:20:10,3.6,42,2023,c(4.84466, 52.367588)
"646","Jacket","running",2023-10-16 06:20:11,3.8,42,2023,c(4.844605, 52.367594)
"647","Jacket","running",2023-10-16 06:20:13,3.9,42,2023,c(4.84455, 52.367589)
"648","Jacket","running",2023-10-16 06:20:14,3.9,42,2023,c(4.844509, 52.367575)
"649","Jacket","running",2023-10-16 06:20:15,3.9,42,2023,c(4.844473, 52.367554)
"650","Jacket","running",2023-10-16 06:20:16,3.9,42,2023,c(4.844429, 52.367522)
"651","Jacket","running",2023-10-16 06:20:17,3.9,42,2023,c(4.844395, 52.367492)
"652","Jacket","running",2023-10-16 06:20:18,3.9,42,2023,c(4.84437, 52.367465)
"653","Jacket","running",2023-10-16 06:20:20,3.9,42,2023,c(4.844346, 52.367431)
"654","Jacket","running",2023-10-16 06:20:21,3.9,42,2023,c(4.844332, 52.367399)
"655","Jacket","running",2023-10-16 06:20:22,3.9,42,2023,c(4.844321, 52.367362)
"656","Jacket","running",2023-10-16 06:20:23,3.9,42,2023,c(4.844343, 52.367324)
"657","Jacket","running",2023-10-16 06:20:24,3.9,42,2023,c(4.844354, 52.367312)
"658","Jacket","running",2023-10-16 06:20:25,3.9,42,2023,c(4.844391, 52.367288)
"659","Jacket","running",2023-10-16 06:20:26,3.9,42,2023,c(4.844411, 52.367264)
"660","Jacket","running",2023-10-16 06:20:27,3.9,42,2023,c(4.844426, 52.367239)
"661","Jacket","running",2023-10-16 06:20:29,3.9,42,2023,c(4.844444, 52.367208)
"662","Jacket","running",2023-10-16 06:20:30,3.9,42,2023,c(4.844473, 52.367181)
"663","Jacket","running",2023-10-16 06:20:31,3.9,42,2023,c(4.844515, 52.367149)
"664","Jacket","running",2023-10-16 06:20:32,3.9,42,2023,c(4.844549, 52.367123)
"665","Jacket","running",2023-10-16 06:20:33,3.9,42,2023,c(4.844576, 52.367096)
"666","Jacket","running",2023-10-16 06:20:34,3.9,42,2023,c(4.844622, 52.367074)
"667","Jacket","running",2023-10-16 06:20:36,3.9,42,2023,c(4.844669, 52.36705)
"668","Jacket","running",2023-10-16 06:20:37,3.9,42,2023,c(4.844709, 52.367033)
"669","Jacket","running",2023-10-16 06:20:38,3.9,42,2023,c(4.844749, 52.367014)
"670","Jacket","running",2023-10-16 06:20:39,3.9,42,2023,c(4.844787, 52.366995)
"671","Jacket","running",2023-10-16 06:20:40,3.9,42,2023,c(4.844827, 52.366974)
"672","Jacket","running",2023-10-16 06:20:41,3.9,42,2023,c(4.844867, 52.366954)
"673","Jacket","running",2023-10-16 06:20:42,3.8,42,2023,c(4.844904, 52.366934)
"674","Jacket","running",2023-10-16 06:20:43,3.8,42,2023,c(4.844937, 52.366916)
"675","Jacket","running",2023-10-16 06:20:44,3.8,42,2023,c(4.844974, 52.366898)
"676","Jacket","running",2023-10-16 06:20:46,3.8,42,2023,c(4.845015, 52.366876)
"677","Jacket","running",2023-10-16 06:20:47,3.8,42,2023,c(4.845056, 52.366849)
"678","Jacket","running",2023-10-16 06:20:48,3.8,42,2023,c(4.84508, 52.366821)
"679","Jacket","running",2023-10-16 06:20:49,3.8,42,2023,c(4.845083, 52.36681)
"680","Jacket","running",2023-10-16 06:20:50,3.7,42,2023,c(4.845081, 52.366779)
"681","Jacket","running",2023-10-16 06:20:51,3.7,42,2023,c(4.845048, 52.366756)
"682","Jacket","running",2023-10-16 06:20:52,3.7,42,2023,c(4.845025, 52.36673)
"683","Jacket","running",2023-10-16 06:20:54,3.7,42,2023,c(4.845007, 52.366687)
"684","Jacket","running",2023-10-16 06:20:55,3.7,42,2023,c(4.84498, 52.366651)
"685","Jacket","running",2023-10-16 06:20:56,3.7,42,2023,c(4.844968, 52.366622)
"686","Jacket","running",2023-10-16 06:20:58,3.7,42,2023,c(4.844953, 52.366586)
"687","Jacket","running",2023-10-16 06:20:59,3.7,42,2023,c(4.844937, 52.366554)
"688","Jacket","running",2023-10-16 06:21:00,3.7,42,2023,c(4.844926, 52.366522)
"689","Jacket","running",2023-10-16 06:21:01,3.7,42,2023,c(4.844922, 52.366493)
"690","Jacket","running",2023-10-16 06:21:02,3.7,42,2023,c(4.844926, 52.366464)
"691","Jacket","running",2023-10-16 06:21:03,3.7,42,2023,c(4.844938, 52.366437)
"692","Jacket","running",2023-10-16 06:21:04,3.7,42,2023,c(4.844951, 52.366409)
"693","Jacket","running",2023-10-16 06:21:05,3.7,42,2023,c(4.844961, 52.366379)
"694","Jacket","running",2023-10-16 06:21:06,3.7,42,2023,c(4.844969, 52.366348)
"695","Jacket","running",2023-10-16 06:21:07,3.7,42,2023,c(4.844975, 52.366317)
"696","Jacket","running",2023-10-16 06:21:08,3.7,42,2023,c(4.84498, 52.366284)
"697","Jacket","running",2023-10-16 06:21:09,3.7,42,2023,c(4.844986, 52.366253)
"698","Jacket","running",2023-10-16 06:21:11,3.7,42,2023,c(4.844993, 52.366224)
"699","Jacket","running",2023-10-16 06:21:12,3.7,42,2023,c(4.844996, 52.366196)
"700","Jacket","running",2023-10-16 06:21:13,3.7,42,2023,c(4.844995, 52.366167)
"701","Jacket","running",2023-10-16 06:21:14,3.7,42,2023,c(4.84499, 52.366139)
"702","Jacket","running",2023-10-16 06:21:15,3.7,42,2023,c(4.844988, 52.366112)
"703","Jacket","running",2023-10-16 06:21:16,3.7,42,2023,c(4.844977, 52.366073)
"704","Jacket","running",2023-10-16 06:21:17,3.7,42,2023,c(4.844973, 52.36606)
"705","Jacket","running",2023-10-16 06:21:18,3.7,42,2023,c(4.844967, 52.366032)
"706","Jacket","running",2023-10-16 06:21:19,3.7,42,2023,c(4.844965, 52.366004)
"707","Jacket","running",2023-10-16 06:21:20,3.7,42,2023,c(4.844971, 52.365977)
"708","Jacket","running",2023-10-16 06:21:21,3.7,42,2023,c(4.844981, 52.365948)
"709","Jacket","running",2023-10-16 06:21:22,3.7,42,2023,c(4.844991, 52.36592)
"710","Jacket","running",2023-10-16 06:21:24,3.7,42,2023,c(4.844999, 52.365884)
"711","Jacket","running",2023-10-16 06:21:25,3.7,42,2023,c(4.845001, 52.365847)
"712","Jacket","running",2023-10-16 06:21:26,3.7,42,2023,c(4.845, 52.365831)
"713","Jacket","running",2023-10-16 06:21:27,3.8,42,2023,c(4.844992, 52.365802)
"714","Jacket","running",2023-10-16 06:21:28,3.8,42,2023,c(4.844957, 52.365771)
"715","Jacket","running",2023-10-16 06:21:29,3.9,42,2023,c(4.844941, 52.365764)
"716","Jacket","running",2023-10-16 06:21:30,3.9,42,2023,c(4.844896, 52.365744)
"717","Jacket","running",2023-10-16 06:21:31,4,42,2023,c(4.844883, 52.365736)
"718","Jacket","running",2023-10-16 06:21:33,4,42,2023,c(4.844843, 52.365716)
"719","Jacket","running",2023-10-16 06:21:34,4.1,42,2023,c(4.844802, 52.365703)
"720","Jacket","running",2023-10-16 06:21:35,4.1,42,2023,c(4.844754, 52.365689)
"721","Jacket","running",2023-10-16 06:21:36,4.2,42,2023,c(4.844715, 52.365671)
"722","Jacket","running",2023-10-16 06:21:37,4.3,42,2023,c(4.844675, 52.365641)
"723","Jacket","running",2023-10-16 06:21:38,4.3,42,2023,c(4.844665, 52.36563)
"724","Jacket","running",2023-10-16 06:21:40,4.4,42,2023,c(4.844641, 52.365585)
"725","Jacket","running",2023-10-16 06:21:41,4.4,42,2023,c(4.844632, 52.365567)
"726","Jacket","running",2023-10-16 06:21:42,4.4,42,2023,c(4.844623, 52.36555)
"727","Jacket","running",2023-10-16 06:21:43,4.4,42,2023,c(4.844602, 52.365525)
"728","Jacket","running",2023-10-16 06:21:44,4.4,42,2023,c(4.844581, 52.365499)
"729","Jacket","running",2023-10-16 06:21:45,4.4,42,2023,c(4.844559, 52.365472)
"730","Jacket","running",2023-10-16 06:21:46,4.4,42,2023,c(4.844536, 52.365446)
"731","Jacket","running",2023-10-16 06:21:48,4.4,42,2023,c(4.844531, 52.36541)
"732","Jacket","running",2023-10-16 06:21:49,4.3,42,2023,c(4.84455, 52.365385)
"733","Jacket","running",2023-10-16 06:21:50,4.2,42,2023,c(4.844578, 52.365355)
"734","Jacket","running",2023-10-16 06:21:51,4.1,42,2023,c(4.844613, 52.365328)
"735","Jacket","running",2023-10-16 06:21:52,4.1,42,2023,c(4.844643, 52.365302)
"736","Jacket","running",2023-10-16 06:21:53,4,42,2023,c(4.844676, 52.365273)
"737","Jacket","running",2023-10-16 06:21:54,3.9,42,2023,c(4.844699, 52.365242)
"738","Jacket","running",2023-10-16 06:21:56,3.8,42,2023,c(4.844716, 52.365212)
"739","Jacket","running",2023-10-16 06:21:57,3.8,42,2023,c(4.84473, 52.365182)
"740","Jacket","running",2023-10-16 06:21:58,3.7,42,2023,c(4.844743, 52.365145)
"741","Jacket","running",2023-10-16 06:21:59,3.7,42,2023,c(4.844755, 52.365112)
"742","Jacket","running",2023-10-16 06:22:00,3.7,42,2023,c(4.844767, 52.365076)
"743","Jacket","running",2023-10-16 06:22:01,3.7,42,2023,c(4.844771, 52.365062)
"744","Jacket","running",2023-10-16 06:22:02,3.7,42,2023,c(4.84478, 52.365025)
"745","Jacket","running",2023-10-16 06:22:03,3.7,42,2023,c(4.844782, 52.365012)
"746","Jacket","running",2023-10-16 06:22:05,3.7,42,2023,c(4.844785, 52.364979)
"747","Jacket","running",2023-10-16 06:22:06,3.7,42,2023,c(4.844788, 52.364949)
"748","Jacket","running",2023-10-16 06:22:07,3.7,42,2023,c(4.844793, 52.364921)
"749","Jacket","running",2023-10-16 06:22:08,3.7,42,2023,c(4.844814, 52.364886)
"750","Jacket","running",2023-10-16 06:22:09,3.7,42,2023,c(4.844825, 52.364876)
"751","Jacket","running",2023-10-16 06:22:10,3.7,42,2023,c(4.844844, 52.364841)
"752","Jacket","running",2023-10-16 06:22:11,3.7,42,2023,c(4.844848, 52.364828)
"753","Jacket","running",2023-10-16 06:22:12,3.8,42,2023,c(4.844858, 52.364791)
"754","Jacket","running",2023-10-16 06:22:13,3.8,42,2023,c(4.844861, 52.364779)
"755","Jacket","running",2023-10-16 06:22:14,3.8,42,2023,c(4.844868, 52.36475)
"756","Jacket","running",2023-10-16 06:22:16,3.8,42,2023,c(4.844873, 52.36472)
"757","Jacket","running",2023-10-16 06:22:17,3.8,42,2023,c(4.844876, 52.364692)
"758","Jacket","running",2023-10-16 06:22:18,3.8,42,2023,c(4.844883, 52.364659)
"759","Jacket","running",2023-10-16 06:22:19,3.8,42,2023,c(4.844881, 52.364624)
"760","Jacket","running",2023-10-16 06:22:20,3.8,42,2023,c(4.844881, 52.364611)
"761","Jacket","running",2023-10-16 06:22:21,3.8,42,2023,c(4.844881, 52.364577)
"762","Jacket","running",2023-10-16 06:22:22,3.8,42,2023,c(4.844868, 52.364554)
"763","Jacket","running",2023-10-16 06:22:24,3.8,42,2023,c(4.844857, 52.364524)
"764","Jacket","running",2023-10-16 06:22:25,3.8,42,2023,c(4.844838, 52.364486)
"765","Jacket","running",2023-10-16 06:22:26,3.8,42,2023,c(4.844832, 52.364473)
"766","Jacket","running",2023-10-16 06:22:27,3.8,42,2023,c(4.84482, 52.364437)
"767","Jacket","running",2023-10-16 06:22:28,3.8,42,2023,c(4.844818, 52.364424)
"768","Jacket","running",2023-10-16 06:22:29,3.8,42,2023,c(4.844801, 52.364388)
"769","Jacket","running",2023-10-16 06:22:30,3.8,42,2023,c(4.844796, 52.364375)
"770","Jacket","running",2023-10-16 06:22:31,3.8,42,2023,c(4.844782, 52.36435)
"771","Jacket","running",2023-10-16 06:22:33,3.8,42,2023,c(4.844763, 52.364321)
"772","Jacket","running",2023-10-16 06:22:34,3.8,42,2023,c(4.844738, 52.364296)
"773","Jacket","running",2023-10-16 06:22:35,3.8,42,2023,c(4.844714, 52.364273)
"774","Jacket","running",2023-10-16 06:22:36,3.7,42,2023,c(4.844694, 52.364246)
"775","Jacket","running",2023-10-16 06:22:37,3.7,42,2023,c(4.844675, 52.36422)
"776","Jacket","running",2023-10-16 06:22:38,3.8,42,2023,c(4.844653, 52.364193)
"777","Jacket","running",2023-10-16 06:22:39,3.8,42,2023,c(4.844626, 52.364153)
"778","Jacket","running",2023-10-16 06:22:40,3.8,42,2023,c(4.844612, 52.364139)
"779","Jacket","running",2023-10-16 06:22:42,3.8,42,2023,c(4.844592, 52.364101)
"780","Jacket","running",2023-10-16 06:22:43,3.8,42,2023,c(4.844576, 52.364065)
"781","Jacket","running",2023-10-16 06:22:44,3.8,42,2023,c(4.844564, 52.36403)
"782","Jacket","running",2023-10-16 06:22:45,3.8,42,2023,c(4.844548, 52.363995)
"783","Jacket","running",2023-10-16 06:22:46,3.8,42,2023,c(4.844534, 52.363961)
"784","Jacket","running",2023-10-16 06:22:47,3.8,42,2023,c(4.844523, 52.363931)
"785","Jacket","running",2023-10-16 06:22:48,3.8,42,2023,c(4.844512, 52.363902)
"786","Jacket","running",2023-10-16 06:22:49,3.8,42,2023,c(4.844499, 52.363873)
"787","Jacket","running",2023-10-16 06:22:51,3.8,42,2023,c(4.844483, 52.363838)
"788","Jacket","running",2023-10-16 06:22:52,3.8,42,2023,c(4.844483, 52.36381)
"789","Jacket","running",2023-10-16 06:22:53,3.8,42,2023,c(4.844495, 52.363783)
"790","Jacket","running",2023-10-16 06:22:54,3.7,42,2023,c(4.844523, 52.363751)
"791","Jacket","running",2023-10-16 06:22:55,3.7,42,2023,c(4.844534, 52.36374)
"792","Jacket","running",2023-10-16 06:22:56,3.7,42,2023,c(4.844558, 52.363716)
"793","Jacket","running",2023-10-16 06:22:57,3.7,42,2023,c(4.844581, 52.363689)
"794","Jacket","running",2023-10-16 06:22:58,3.7,42,2023,c(4.844586, 52.363659)
"795","Jacket","running",2023-10-16 06:23:00,3.7,42,2023,c(4.844581, 52.363625)
"796","Jacket","running",2023-10-16 06:23:01,3.7,42,2023,c(4.84457, 52.363596)
"797","Jacket","running",2023-10-16 06:23:02,3.7,42,2023,c(4.84456, 52.363568)
"798","Jacket","running",2023-10-16 06:23:03,3.7,42,2023,c(4.844552, 52.363539)
"799","Jacket","running",2023-10-16 06:23:04,3.8,42,2023,c(4.844548, 52.36351)
"800","Jacket","running",2023-10-16 06:23:05,3.8,42,2023,c(4.844545, 52.363483)
"801","Jacket","running",2023-10-16 06:23:06,3.8,42,2023,c(4.844551, 52.363443)
"802","Jacket","running",2023-10-16 06:23:07,3.8,42,2023,c(4.844555, 52.36343)
"803","Jacket","running",2023-10-16 06:23:08,3.8,42,2023,c(4.844568, 52.363406)
"804","Jacket","running",2023-10-16 06:23:10,3.8,42,2023,c(4.84459, 52.363379)
"805","Jacket","running",2023-10-16 06:23:11,3.9,42,2023,c(4.844598, 52.36336)
"806","Jacket","running",2023-10-16 06:23:12,3.9,42,2023,c(4.844587, 52.363343)
"807","Jacket","running",2023-10-16 06:23:13,3.9,42,2023,c(4.844565, 52.363334)
"808","Jacket","running",2023-10-16 06:23:14,3.9,42,2023,c(4.844541, 52.363328)
"809","Jacket","running",2023-10-16 06:23:15,3.9,42,2023,c(4.844519, 52.363323)
"810","Jacket","running",2023-10-16 06:23:16,3.9,42,2023,c(4.844503, 52.363313)
"811","Jacket","running",2023-10-16 06:23:17,3.9,42,2023,c(4.844501, 52.363297)
"812","Jacket","running",2023-10-16 06:23:19,3.9,42,2023,c(4.844522, 52.36327)
"813","Jacket","running",2023-10-16 06:23:20,3.9,42,2023,c(4.844562, 52.363246)
"814","Jacket","running",2023-10-16 06:23:21,3.9,42,2023,c(4.844601, 52.363214)
"815","Jacket","running",2023-10-16 06:23:22,4,42,2023,c(4.844634, 52.36319)
"816","Jacket","running",2023-10-16 06:23:23,4,42,2023,c(4.844672, 52.363157)
"817","Jacket","running",2023-10-16 06:23:24,4.1,42,2023,c(4.844705, 52.363126)
"818","Jacket","running",2023-10-16 06:23:25,4.2,42,2023,c(4.844735, 52.363095)
"819","Jacket","running",2023-10-16 06:23:26,4.3,42,2023,c(4.844772, 52.363061)
"820","Jacket","running",2023-10-16 06:23:27,4.5,42,2023,c(4.844803, 52.363029)
"821","Jacket","running",2023-10-16 06:23:29,4.6,42,2023,c(4.844822, 52.362997)
"822","Jacket","running",2023-10-16 06:23:30,4.7,42,2023,c(4.844826, 52.362958)
"823","Jacket","running",2023-10-16 06:23:31,4.8,42,2023,c(4.844831, 52.362926)
"824","Jacket","running",2023-10-16 06:23:32,4.9,42,2023,c(4.844856, 52.362895)
"825","Jacket","running",2023-10-16 06:23:33,5,42,2023,c(4.844894, 52.362868)
"826","Jacket","running",2023-10-16 06:23:34,5.1,42,2023,c(4.844931, 52.36284)
"827","Jacket","running",2023-10-16 06:23:35,5.2,42,2023,c(4.844955, 52.362814)
"828","Jacket","running",2023-10-16 06:23:37,5.3,42,2023,c(4.844977, 52.362778)
"829","Jacket","running",2023-10-16 06:23:38,5.4,42,2023,c(4.844987, 52.36274)
"830","Jacket","running",2023-10-16 06:23:39,5.5,42,2023,c(4.844974, 52.362697)
"831","Jacket","running",2023-10-16 06:23:40,5.5,42,2023,c(4.844967, 52.362678)
"832","Jacket","running",2023-10-16 06:23:41,5.6,42,2023,c(4.844941, 52.362649)
"833","Jacket","running",2023-10-16 06:23:42,5.6,42,2023,c(4.844927, 52.362621)
"834","Jacket","running",2023-10-16 06:23:43,5.6,42,2023,c(4.844913, 52.362596)
"835","Jacket","running",2023-10-16 06:23:45,5.7,42,2023,c(4.844891, 52.362567)
"836","Jacket","running",2023-10-16 06:23:46,5.7,42,2023,c(4.844862, 52.362543)
"837","Jacket","running",2023-10-16 06:23:47,5.7,42,2023,c(4.844823, 52.362518)
"838","Jacket","running",2023-10-16 06:23:48,5.7,42,2023,c(4.844786, 52.362377)
"839","Jacket","running",2023-10-16 06:24:26,5.6,42,2023,c(4.844789, 52.36227)
"840","Jacket","running",2023-10-16 06:24:27,5.5,42,2023,c(4.844792, 52.362164)
"841","Jacket","running",2023-10-16 06:24:28,5.4,42,2023,c(4.844794, 52.362057)
"842","Jacket","running",2023-10-16 06:24:29,5.3,42,2023,c(4.844789, 52.362029)
"843","Jacket","running",2023-10-16 06:24:30,5.3,42,2023,c(4.844788, 52.362021)
"844","Jacket","running",2023-10-16 06:24:31,5.3,42,2023,c(4.844791, 52.36201)
"845","Jacket","running",2023-10-16 06:24:32,5.3,42,2023,c(4.844797, 52.362006)
"846","Jacket","running",2023-10-16 06:24:33,5.3,42,2023,c(4.844805, 52.362001)
"847","Jacket","running",2023-10-16 06:24:34,5.2,42,2023,c(4.844814, 52.361992)
"848","Jacket","running",2023-10-16 06:24:35,5.2,42,2023,c(4.844822, 52.36198)
"849","Jacket","running",2023-10-16 06:24:36,5.2,42,2023,c(4.844831, 52.361967)
"850","Jacket","running",2023-10-16 06:24:37,5.2,42,2023,c(4.844843, 52.361955)
"851","Jacket","running",2023-10-16 06:24:38,5.2,42,2023,c(4.844857, 52.361944)
"852","Jacket","running",2023-10-16 06:24:39,5.2,42,2023,c(4.844873, 52.361934)
"853","Jacket","running",2023-10-16 06:24:40,5.2,42,2023,c(4.84489, 52.361923)
"854","Jacket","running",2023-10-16 06:24:41,5.2,42,2023,c(4.844906, 52.361913)
"855","Jacket","running",2023-10-16 06:24:42,5.1,42,2023,c(4.844924, 52.361904)
"856","Jacket","running",2023-10-16 06:24:43,5.1,42,2023,c(4.844943, 52.361896)
"857","Jacket","running",2023-10-16 06:24:44,5.1,42,2023,c(4.844964, 52.36189)
"858","Jacket","running",2023-10-16 06:24:45,5.1,42,2023,c(4.844985, 52.361884)
"859","Jacket","running",2023-10-16 06:24:46,5.1,42,2023,c(4.845005, 52.361877)
"860","Jacket","running",2023-10-16 06:24:47,5.1,42,2023,c(4.845033, 52.361863)
"861","Jacket","running",2023-10-16 06:24:48,5.1,42,2023,c(4.845044, 52.361858)
"862","Jacket","running",2023-10-16 06:24:49,5.1,42,2023,c(4.845055, 52.361852)
"863","Jacket","running",2023-10-16 06:24:50,5.1,42,2023,c(4.845071, 52.361845)
"864","Jacket","running",2023-10-16 06:24:51,5.1,42,2023,c(4.845084, 52.361838)
"865","Jacket","running",2023-10-16 06:24:52,5.1,42,2023,c(4.845095, 52.361826)
"866","Jacket","running",2023-10-16 06:24:53,5.1,42,2023,c(4.845109, 52.3618)
"867","Jacket","running",2023-10-16 06:24:54,5.1,42,2023,c(4.845114, 52.361791)
"868","Jacket","running",2023-10-16 06:24:55,5.1,42,2023,c(4.845124, 52.361761)
"869","Jacket","running",2023-10-16 06:24:56,5.1,42,2023,c(4.845128, 52.361752)
"870","Jacket","running",2023-10-16 06:24:57,5.1,42,2023,c(4.845142, 52.361724)
"871","Jacket","running",2023-10-16 06:24:58,5.1,42,2023,c(4.845145, 52.361715)
"872","Jacket","running",2023-10-16 06:24:59,5.1,42,2023,c(4.845142, 52.361698)
"873","Jacket","running",2023-10-16 06:25:00,5.1,42,2023,c(4.845128, 52.361683)
"874","Jacket","running",2023-10-16 06:25:01,5.1,42,2023,c(4.8451, 52.361662)
"875","Jacket","running",2023-10-16 06:25:02,5.1,42,2023,c(4.84509, 52.361655)
"876","Jacket","running",2023-10-16 06:25:03,5.1,42,2023,c(4.845073, 52.361626)
"877","Jacket","running",2023-10-16 06:25:04,5.2,42,2023,c(4.845069, 52.361614)
"878","Jacket","running",2023-10-16 06:25:05,5.2,42,2023,c(4.845062, 52.361576)
"879","Jacket","running",2023-10-16 06:25:06,5.2,42,2023,c(4.845057, 52.361563)
"880","Jacket","running",2023-10-16 06:25:07,5.2,42,2023,c(4.845037, 52.361536)
"881","Jacket","running",2023-10-16 06:25:08,5.3,42,2023,c(4.845006, 52.361513)
"882","Jacket","running",2023-10-16 06:25:10,5.3,42,2023,c(4.844972, 52.361493)
"883","Jacket","running",2023-10-16 06:25:11,5.3,42,2023,c(4.84494, 52.361473)
"884","Jacket","running",2023-10-16 06:25:12,5.4,42,2023,c(4.844899, 52.361446)
"885","Jacket","running",2023-10-16 06:25:13,5.4,42,2023,c(4.844863, 52.36142)
"886","Jacket","running",2023-10-16 06:25:14,5.5,42,2023,c(4.844834, 52.361398)
"887","Jacket","running",2023-10-16 06:25:15,5.5,42,2023,c(4.844801, 52.361373)
"888","Jacket","running",2023-10-16 06:25:16,5.5,42,2023,c(4.844763, 52.361341)
"889","Jacket","running",2023-10-16 06:25:17,5.5,42,2023,c(4.844752, 52.36133)
"890","Jacket","running",2023-10-16 06:25:18,5.4,42,2023,c(4.844728, 52.361295)
"891","Jacket","running",2023-10-16 06:25:19,5.4,42,2023,c(4.84472, 52.361283)
"892","Jacket","running",2023-10-16 06:25:20,5.4,42,2023,c(4.844701, 52.36125)
"893","Jacket","running",2023-10-16 06:25:21,5.4,42,2023,c(4.844693, 52.361239)
"894","Jacket","running",2023-10-16 06:25:22,5.3,42,2023,c(4.844685, 52.361212)
"895","Jacket","running",2023-10-16 06:25:24,5.3,42,2023,c(4.844685, 52.361182)
"896","Jacket","running",2023-10-16 06:25:25,5.2,42,2023,c(4.844695, 52.361155)
"897","Jacket","running",2023-10-16 06:25:26,5.1,42,2023,c(4.84471, 52.361128)
"898","Jacket","running",2023-10-16 06:25:27,5,42,2023,c(4.844724, 52.361091)
"899","Jacket","running",2023-10-16 06:25:28,5,42,2023,c(4.844738, 52.361054)
"900","Jacket","running",2023-10-16 06:25:29,4.9,42,2023,c(4.844741, 52.36104)
"901","Jacket","running",2023-10-16 06:25:30,4.8,42,2023,c(4.84475, 52.361014)
"902","Jacket","running",2023-10-16 06:25:32,4.7,42,2023,c(4.84477, 52.360979)
"903","Jacket","running",2023-10-16 06:25:33,4.6,42,2023,c(4.844793, 52.360951)
"904","Jacket","running",2023-10-16 06:25:34,4.5,42,2023,c(4.844814, 52.360924)
"905","Jacket","running",2023-10-16 06:25:35,4.5,42,2023,c(4.844831, 52.360897)
"906","Jacket","running",2023-10-16 06:25:36,4.4,42,2023,c(4.844853, 52.360867)
"907","Jacket","running",2023-10-16 06:25:37,4.3,42,2023,c(4.844875, 52.36084)
"908","Jacket","running",2023-10-16 06:25:38,4.2,42,2023,c(4.844893, 52.360816)
"909","Jacket","running",2023-10-16 06:25:40,4.1,42,2023,c(4.844916, 52.360778)
"910","Jacket","running",2023-10-16 06:25:41,4.1,42,2023,c(4.844943, 52.360737)
"911","Jacket","running",2023-10-16 06:25:42,4,42,2023,c(4.844956, 52.360718)
"912","Jacket","running",2023-10-16 06:25:43,4,42,2023,c(4.844977, 52.360696)
"913","Jacket","running",2023-10-16 06:25:45,4,42,2023,c(4.845003, 52.360673)
"914","Jacket","running",2023-10-16 06:25:46,4,42,2023,c(4.845035, 52.360646)
"915","Jacket","running",2023-10-16 06:25:47,3.9,42,2023,c(4.845071, 52.360618)
"916","Jacket","running",2023-10-16 06:25:48,3.9,42,2023,c(4.845084, 52.360607)
"917","Jacket","running",2023-10-16 06:25:49,3.9,42,2023,c(4.845114, 52.360577)
"918","Jacket","running",2023-10-16 06:25:50,3.9,42,2023,c(4.845134, 52.360553)
"919","Jacket","running",2023-10-16 06:25:51,3.9,42,2023,c(4.845156, 52.360526)
"920","Jacket","running",2023-10-16 06:25:52,3.9,42,2023,c(4.845175, 52.360501)
"921","Jacket","running",2023-10-16 06:25:53,3.9,42,2023,c(4.845201, 52.360472)
"922","Jacket","running",2023-10-16 06:25:55,3.9,42,2023,c(4.84523, 52.360439)
"923","Jacket","running",2023-10-16 06:25:56,3.9,42,2023,c(4.845253, 52.360413)
"924","Jacket","running",2023-10-16 06:25:57,3.9,42,2023,c(4.845279, 52.360391)
"925","Jacket","running",2023-10-16 06:25:58,3.9,42,2023,c(4.845319, 52.360369)
"926","Jacket","running",2023-10-16 06:25:59,3.9,42,2023,c(4.845382, 52.360359)
"927","Jacket","running",2023-10-16 06:26:00,3.9,42,2023,c(4.845406, 52.360357)
"928","Jacket","running",2023-10-16 06:26:01,3.9,42,2023,c(4.845455, 52.360353)
"929","Jacket","running",2023-10-16 06:26:03,3.9,42,2023,c(4.845521, 52.360346)
"930","Jacket","running",2023-10-16 06:26:04,3.9,42,2023,c(4.84559, 52.36035)
"931","Jacket","running",2023-10-16 06:26:05,3.9,42,2023,c(4.845618, 52.360351)
"932","Jacket","running",2023-10-16 06:26:06,3.9,42,2023,c(4.845679, 52.360348)
"933","Jacket","running",2023-10-16 06:26:07,3.9,42,2023,c(4.845723, 52.360342)
"934","Jacket","running",2023-10-16 06:26:08,4,42,2023,c(4.845777, 52.360322)
"935","Jacket","running",2023-10-16 06:26:09,4,42,2023,c(4.845792, 52.360313)
"936","Jacket","running",2023-10-16 06:26:10,4,42,2023,c(4.845813, 52.360287)
"937","Jacket","running",2023-10-16 06:26:11,4,42,2023,c(4.845834, 52.360258)
"938","Jacket","running",2023-10-16 06:26:13,4.1,42,2023,c(4.845852, 52.360229)
"939","Jacket","running",2023-10-16 06:26:14,4.1,42,2023,c(4.845865, 52.360201)
"940","Jacket","running",2023-10-16 06:26:15,4.1,42,2023,c(4.845874, 52.360172)
"941","Jacket","running",2023-10-16 06:26:16,4.1,42,2023,c(4.845873, 52.36014)
"942","Jacket","running",2023-10-16 06:26:17,4.1,42,2023,c(4.845865, 52.36011)
"943","Jacket","running",2023-10-16 06:26:18,4.1,42,2023,c(4.84583, 52.360085)
"944","Jacket","running",2023-10-16 06:26:19,4.1,42,2023,c(4.845805, 52.36006)
"945","Jacket","running",2023-10-16 06:26:20,4.1,42,2023,c(4.845773, 52.360024)
"946","Jacket","running",2023-10-16 06:26:21,4.1,42,2023,c(4.845756, 52.360011)
"947","Jacket","running",2023-10-16 06:26:22,4.1,42,2023,c(4.845736, 52.35999)
"948","Jacket","running",2023-10-16 06:26:24,4,42,2023,c(4.845714, 52.359959)
"949","Jacket","running",2023-10-16 06:26:25,4,42,2023,c(4.845691, 52.359932)
"950","Jacket","running",2023-10-16 06:26:26,3.9,42,2023,c(4.845671, 52.359903)
"951","Jacket","running",2023-10-16 06:26:27,3.9,42,2023,c(4.845651, 52.359866)
"952","Jacket","running",2023-10-16 06:26:28,3.8,42,2023,c(4.845626, 52.359836)
"953","Jacket","running",2023-10-16 06:26:29,3.8,42,2023,c(4.845604, 52.359808)
"954","Jacket","running",2023-10-16 06:26:30,3.7,42,2023,c(4.84558, 52.359779)
"955","Jacket","running",2023-10-16 06:26:31,3.7,42,2023,c(4.845561, 52.359749)
"956","Jacket","running",2023-10-16 06:26:33,3.7,42,2023,c(4.84555, 52.359717)
"957","Jacket","running",2023-10-16 06:26:34,3.7,42,2023,c(4.845544, 52.35968)
"958","Jacket","running",2023-10-16 06:26:35,3.7,42,2023,c(4.845542, 52.359651)
"959","Jacket","running",2023-10-16 06:26:36,3.7,42,2023,c(4.845539, 52.359619)
"960","Jacket","running",2023-10-16 06:26:37,3.7,42,2023,c(4.84554, 52.359585)
"961","Jacket","running",2023-10-16 06:26:39,3.7,42,2023,c(4.845542, 52.35955)
"962","Jacket","running",2023-10-16 06:26:40,3.8,42,2023,c(4.845544, 52.359516)
"963","Jacket","running",2023-10-16 06:26:41,3.8,42,2023,c(4.845551, 52.359479)
"964","Jacket","running",2023-10-16 06:26:42,3.8,42,2023,c(4.845555, 52.359464)
"965","Jacket","running",2023-10-16 06:26:43,3.8,42,2023,c(4.845564, 52.359425)
"966","Jacket","running",2023-10-16 06:26:44,3.8,42,2023,c(4.845579, 52.359394)
"967","Jacket","running",2023-10-16 06:26:45,3.8,42,2023,c(4.845592, 52.359364)
"968","Jacket","running",2023-10-16 06:26:46,3.8,42,2023,c(4.845603, 52.359336)
"969","Jacket","running",2023-10-16 06:26:47,3.8,42,2023,c(4.845617, 52.359305)
"970","Jacket","running",2023-10-16 06:26:49,3.9,42,2023,c(4.845641, 52.359272)
"971","Jacket","running",2023-10-16 06:26:50,3.9,42,2023,c(4.845659, 52.35924)
"972","Jacket","running",2023-10-16 06:26:51,3.9,42,2023,c(4.845672, 52.359202)
"973","Jacket","running",2023-10-16 06:26:52,3.9,42,2023,c(4.845674, 52.359187)
"974","Jacket","running",2023-10-16 06:26:53,3.9,42,2023,c(4.845674, 52.359154)
"975","Jacket","running",2023-10-16 06:26:54,3.9,42,2023,c(4.845681, 52.359116)
"976","Jacket","running",2023-10-16 06:26:55,3.9,42,2023,c(4.845684, 52.359086)
"977","Jacket","running",2023-10-16 06:26:57,3.9,42,2023,c(4.845694, 52.359042)
"978","Jacket","running",2023-10-16 06:26:58,3.9,42,2023,c(4.845687, 52.358997)
"979","Jacket","running",2023-10-16 06:26:59,3.9,42,2023,c(4.845682, 52.358976)
"980","Jacket","running",2023-10-16 06:27:00,3.9,42,2023,c(4.845671, 52.358943)
"981","Jacket","running",2023-10-16 06:27:01,3.9,42,2023,c(4.845651, 52.358912)
"982","Jacket","running",2023-10-16 06:27:02,3.9,42,2023,c(4.845638, 52.358881)
"983","Jacket","running",2023-10-16 06:27:04,4,42,2023,c(4.845628, 52.358843)
"984","Jacket","running",2023-10-16 06:27:05,4,42,2023,c(4.84562, 52.358809)
"985","Jacket","running",2023-10-16 06:27:06,4,42,2023,c(4.845618, 52.35877)
"986","Jacket","running",2023-10-16 06:27:07,4,42,2023,c(4.845614, 52.358726)
"987","Jacket","running",2023-10-16 06:27:08,4,42,2023,c(4.845612, 52.358707)
"988","Jacket","running",2023-10-16 06:27:09,4,42,2023,c(4.845613, 52.358676)
"989","Jacket","running",2023-10-16 06:27:10,4.1,42,2023,c(4.845611, 52.358647)
"990","Jacket","running",2023-10-16 06:27:11,4.1,42,2023,c(4.845606, 52.358616)
"991","Jacket","running",2023-10-16 06:27:13,4.1,42,2023,c(4.845596, 52.358579)
"992","Jacket","running",2023-10-16 06:27:14,4.1,42,2023,c(4.845575, 52.358555)
"993","Jacket","running",2023-10-16 06:27:15,4.1,42,2023,c(4.84554, 52.358535)
"994","Jacket","running",2023-10-16 06:27:16,4.1,42,2023,c(4.845485, 52.358534)
"995","Jacket","running",2023-10-16 06:27:17,4.1,42,2023,c(4.845436, 52.358534)
"996","Jacket","running",2023-10-16 06:27:18,4.2,42,2023,c(4.84539, 52.358538)
"997","Jacket","running",2023-10-16 06:27:20,4.2,42,2023,c(4.845341, 52.358549)
"998","Jacket","running",2023-10-16 06:27:21,4.2,42,2023,c(4.845266, 52.358552)
"999","Jacket","running",2023-10-16 06:27:22,4.2,42,2023,c(4.845217, 52.358565)
"1000","Jacket","running",2023-10-16 06:27:23,4.2,42,2023,c(4.845169, 52.358577)
"1001","Jacket","running",2023-10-16 06:27:25,4.2,42,2023,c(4.845115, 52.358579)
"1002","Jacket","running",2023-10-16 06:27:26,4.3,42,2023,c(4.84507, 52.358581)
"1003","Jacket","running",2023-10-16 06:27:27,4.3,42,2023,c(4.845023, 52.358579)
"1004","Jacket","running",2023-10-16 06:27:28,4.3,42,2023,c(4.844976, 52.358583)
"1005","Jacket","running",2023-10-16 06:27:29,4.3,42,2023,c(4.844906, 52.358583)
"1006","Jacket","running",2023-10-16 06:27:30,4.3,42,2023,c(4.84488, 52.358583)
"1007","Jacket","running",2023-10-16 06:27:31,4.3,42,2023,c(4.844834, 52.358581)
"1008","Jacket","running",2023-10-16 06:27:32,4.3,42,2023,c(4.844784, 52.358578)
"1009","Jacket","running",2023-10-16 06:27:34,4.3,42,2023,c(4.844733, 52.358571)
"1010","Jacket","running",2023-10-16 06:27:35,4.3,42,2023,c(4.844684, 52.358564)
"1011","Jacket","running",2023-10-16 06:27:36,4.2,42,2023,c(4.844638, 52.35856)
"1012","Jacket","running",2023-10-16 06:27:37,4.2,42,2023,c(4.844591, 52.358558)
"1013","Jacket","running",2023-10-16 06:27:38,4.2,42,2023,c(4.844537, 52.358555)
"1014","Jacket","running",2023-10-16 06:27:39,4.1,42,2023,c(4.84449, 52.358551)
"1015","Jacket","running",2023-10-16 06:27:40,4.1,42,2023,c(4.84447, 52.358549)
"1016","Jacket","running",2023-10-16 06:27:41,4,42,2023,c(4.844412, 52.358543)
"1017","Jacket","running",2023-10-16 06:27:42,4,42,2023,c(4.844369, 52.358536)
"1018","Jacket","running",2023-10-16 06:27:43,3.9,42,2023,c(4.844319, 52.358528)
"1019","Jacket","running",2023-10-16 06:27:45,3.8,42,2023,c(4.844252, 52.358508)
"1020","Jacket","running",2023-10-16 06:27:46,3.8,42,2023,c(4.844229, 52.358499)
"1021","Jacket","running",2023-10-16 06:27:47,3.8,42,2023,c(4.844205, 52.35849)
"1022","Jacket","running",2023-10-16 06:27:48,3.7,42,2023,c(4.844177, 52.358466)
"1023","Jacket","running",2023-10-16 06:27:49,3.7,42,2023,c(4.844156, 52.358437)
"1024","Jacket","running",2023-10-16 06:27:50,3.7,42,2023,c(4.844142, 52.358405)
"1025","Jacket","running",2023-10-16 06:27:51,3.6,42,2023,c(4.844142, 52.358372)
"1026","Jacket","running",2023-10-16 06:27:52,3.6,42,2023,c(4.84416, 52.358341)
"1027","Jacket","running",2023-10-16 06:27:53,3.6,42,2023,c(4.844201, 52.358321)
"1028","Jacket","running",2023-10-16 06:27:55,3.6,42,2023,c(4.84426, 52.358315)
"1029","Jacket","running",2023-10-16 06:27:56,3.6,42,2023,c(4.844321, 52.358316)
"1030","Jacket","running",2023-10-16 06:27:57,3.7,42,2023,c(4.844382, 52.358318)
"1031","Jacket","running",2023-10-16 06:27:58,3.7,42,2023,c(4.844445, 52.358317)
"1032","Jacket","running",2023-10-16 06:27:59,3.7,42,2023,c(4.844505, 52.358318)
"1033","Jacket","running",2023-10-16 06:28:00,3.8,42,2023,c(4.844557, 52.358321)
"1034","Jacket","running",2023-10-16 06:28:01,3.8,42,2023,c(4.844606, 52.358319)
"1035","Jacket","running",2023-10-16 06:28:02,3.9,42,2023,c(4.844665, 52.358323)
"1036","Jacket","running",2023-10-16 06:28:04,4,42,2023,c(4.844725, 52.358322)
"1037","Jacket","running",2023-10-16 06:28:05,4,42,2023,c(4.844775, 52.358323)
"1038","Jacket","running",2023-10-16 06:28:06,4.1,42,2023,c(4.844823, 52.358322)
"1039","Jacket","running",2023-10-16 06:28:07,4.1,42,2023,c(4.84487, 52.358322)
"1040","Jacket","running",2023-10-16 06:28:08,4.2,42,2023,c(4.844925, 52.358319)
"1041","Jacket","running",2023-10-16 06:28:09,4.3,42,2023,c(4.844972, 52.358318)
"1042","Jacket","running",2023-10-16 06:28:10,4.4,42,2023,c(4.845021, 52.358319)
"1043","Jacket","running",2023-10-16 06:28:12,4.5,42,2023,c(4.845078, 52.358318)
"1044","Jacket","running",2023-10-16 06:28:13,4.5,42,2023,c(4.845125, 52.358318)
"1045","Jacket","running",2023-10-16 06:28:14,4.6,42,2023,c(4.845172, 52.358317)
"1046","Jacket","running",2023-10-16 06:28:15,4.7,42,2023,c(4.845221, 52.358316)
"1047","Jacket","running",2023-10-16 06:28:16,4.8,42,2023,c(4.845273, 52.358317)
"1048","Jacket","running",2023-10-16 06:28:17,4.8,42,2023,c(4.845324, 52.358318)
"1049","Jacket","running",2023-10-16 06:28:18,4.9,42,2023,c(4.84537, 52.358318)
"1050","Jacket","running",2023-10-16 06:28:19,5,42,2023,c(4.845415, 52.358316)
"1051","Jacket","running",2023-10-16 06:28:21,5.1,42,2023,c(4.845468, 52.358312)
"1052","Jacket","running",2023-10-16 06:28:22,5.2,42,2023,c(4.845514, 52.358309)
"1053","Jacket","running",2023-10-16 06:28:23,5.3,42,2023,c(4.845573, 52.358305)
"1054","Jacket","running",2023-10-16 06:28:24,5.3,42,2023,c(4.84562, 52.358301)
"1055","Jacket","running",2023-10-16 06:28:25,5.4,42,2023,c(4.845685, 52.358297)
"1056","Jacket","running",2023-10-16 06:28:26,5.5,42,2023,c(4.845706, 52.358295)
"1057","Jacket","running",2023-10-16 06:28:28,5.5,42,2023,c(4.845761, 52.358293)
"1058","Jacket","running",2023-10-16 06:28:29,5.6,42,2023,c(4.845808, 52.358294)
"1059","Jacket","running",2023-10-16 06:28:30,5.7,42,2023,c(4.845854, 52.358295)
"1060","Jacket","running",2023-10-16 06:28:31,5.7,42,2023,c(4.845915, 52.358296)
"1061","Jacket","running",2023-10-16 06:28:32,5.8,42,2023,c(4.84597, 52.358297)
"1062","Jacket","running",2023-10-16 06:28:33,5.8,42,2023,c(4.846021, 52.358295)
"1063","Jacket","running",2023-10-16 06:28:35,5.9,42,2023,c(4.846088, 52.358292)
"1064","Jacket","running",2023-10-16 06:28:36,6,42,2023,c(4.846144, 52.35829)
"1065","Jacket","running",2023-10-16 06:28:37,6,42,2023,c(4.846198, 52.358288)
"1066","Jacket","running",2023-10-16 06:28:38,6.1,42,2023,c(4.846256, 52.358286)
"1067","Jacket","running",2023-10-16 06:28:39,6.1,42,2023,c(4.84631, 52.358285)
"1068","Jacket","running",2023-10-16 06:28:40,6.2,42,2023,c(4.846369, 52.358284)
"1069","Jacket","running",2023-10-16 06:28:41,6.3,42,2023,c(4.846434, 52.358281)
"1070","Jacket","running",2023-10-16 06:28:42,6.3,42,2023,c(4.846483, 52.358275)
"1071","Jacket","running",2023-10-16 06:28:43,6.3,42,2023,c(4.846534, 52.358269)
"1072","Jacket","running",2023-10-16 06:28:45,6.4,42,2023,c(4.846591, 52.358266)
"1073","Jacket","running",2023-10-16 06:28:46,6.4,42,2023,c(4.84664, 52.358265)
"1074","Jacket","running",2023-10-16 06:28:47,6.4,42,2023,c(4.846687, 52.358263)
"1075","Jacket","running",2023-10-16 06:28:48,6.4,42,2023,c(4.846735, 52.358261)
"1076","Jacket","running",2023-10-16 06:28:49,6.4,42,2023,c(4.846783, 52.358257)
"1077","Jacket","running",2023-10-16 06:28:50,6.4,42,2023,c(4.846845, 52.358249)
"1078","Jacket","running",2023-10-16 06:28:51,6.4,42,2023,c(4.846891, 52.358244)
"1079","Jacket","running",2023-10-16 06:28:52,6.4,42,2023,c(4.846941, 52.358237)
"1080","Jacket","running",2023-10-16 06:28:54,6.4,42,2023,c(4.847003, 52.358229)
"1081","Jacket","running",2023-10-16 06:28:55,6.4,42,2023,c(4.84707, 52.358224)
"1082","Jacket","running",2023-10-16 06:28:56,6.3,42,2023,c(4.847125, 52.358221)
"1083","Jacket","running",2023-10-16 06:28:57,6.3,42,2023,c(4.847178, 52.358221)
"1084","Jacket","running",2023-10-16 06:28:58,6.3,42,2023,c(4.847236, 52.358223)
"1085","Jacket","running",2023-10-16 06:28:59,6.3,42,2023,c(4.847291, 52.358224)
"1086","Jacket","running",2023-10-16 06:29:00,6.3,42,2023,c(4.847355, 52.358231)
"1087","Jacket","running",2023-10-16 06:29:01,6.3,42,2023,c(4.847413, 52.358238)
"1088","Jacket","running",2023-10-16 06:29:02,6.3,42,2023,c(4.847465, 52.358248)
"1089","Jacket","running",2023-10-16 06:29:04,6.3,42,2023,c(4.847525, 52.358254)
"1090","Jacket","running",2023-10-16 06:29:05,6.3,42,2023,c(4.847575, 52.358259)
"1091","Jacket","running",2023-10-16 06:29:06,6.3,42,2023,c(4.847625, 52.358262)
"1092","Jacket","running",2023-10-16 06:29:07,6.3,42,2023,c(4.847675, 52.358263)
"1093","Jacket","running",2023-10-16 06:29:08,6.3,42,2023,c(4.84773, 52.358262)
"1094","Jacket","running",2023-10-16 06:29:09,6.3,42,2023,c(4.847782, 52.358261)
"1095","Jacket","running",2023-10-16 06:29:10,6.3,42,2023,c(4.847838, 52.358259)
"1096","Jacket","running",2023-10-16 06:29:11,6.3,42,2023,c(4.847903, 52.358257)
"1097","Jacket","running",2023-10-16 06:29:12,6.3,42,2023,c(4.847958, 52.358255)
"1098","Jacket","running",2023-10-16 06:29:14,6.3,42,2023,c(4.848036, 52.358251)
"1099","Jacket","running",2023-10-16 06:29:15,6.3,42,2023,c(4.848099, 52.358248)
"1100","Jacket","running",2023-10-16 06:29:16,6.3,42,2023,c(4.848158, 52.358247)
"1101","Jacket","running",2023-10-16 06:29:17,6.3,42,2023,c(4.848219, 52.358244)
"1102","Jacket","running",2023-10-16 06:29:18,6.4,42,2023,c(4.848277, 52.358241)
"1103","Jacket","running",2023-10-16 06:29:19,6.4,42,2023,c(4.848346, 52.358239)
"1104","Jacket","running",2023-10-16 06:29:20,6.4,42,2023,c(4.848401, 52.35824)
"1105","Jacket","running",2023-10-16 06:29:22,6.4,42,2023,c(4.848459, 52.358243)
"1106","Jacket","running",2023-10-16 06:29:23,6.4,42,2023,c(4.848522, 52.358243)
"1107","Jacket","running",2023-10-16 06:29:24,6.4,42,2023,c(4.848574, 52.358242)
"1108","Jacket","running",2023-10-16 06:29:25,6.4,42,2023,c(4.848618, 52.358241)
"1109","Jacket","running",2023-10-16 06:29:26,6.4,42,2023,c(4.848668, 52.358239)
"1110","Jacket","running",2023-10-16 06:29:27,6.4,42,2023,c(4.848723, 52.358239)
"1111","Jacket","running",2023-10-16 06:29:28,6.3,42,2023,c(4.848772, 52.35824)
"1112","Jacket","running",2023-10-16 06:29:30,6.3,42,2023,c(4.848856, 52.358243)
"1113","Jacket","running",2023-10-16 06:29:31,6.3,42,2023,c(4.848886, 52.358244)
"1114","Jacket","running",2023-10-16 06:29:32,6.3,42,2023,c(4.848916, 52.358246)
"1115","Jacket","running",2023-10-16 06:29:33,6.2,42,2023,c(4.848982, 52.35825)
"1116","Jacket","running",2023-10-16 06:29:34,6.2,42,2023,c(4.849029, 52.358252)
"1117","Jacket","running",2023-10-16 06:29:35,6.2,42,2023,c(4.849081, 52.358255)
"1118","Jacket","running",2023-10-16 06:29:36,6.1,42,2023,c(4.849132, 52.358259)
"1119","Jacket","running",2023-10-16 06:29:37,6.1,42,2023,c(4.849182, 52.358262)
"1120","Jacket","running",2023-10-16 06:29:38,6.1,42,2023,c(4.849233, 52.358264)
"1121","Jacket","running",2023-10-16 06:29:40,6,42,2023,c(4.849289, 52.358263)
"1122","Jacket","running",2023-10-16 06:29:41,6,42,2023,c(4.849334, 52.358262)
"1123","Jacket","running",2023-10-16 06:29:42,5.9,42,2023,c(4.849385, 52.35826)
"1124","Jacket","running",2023-10-16 06:29:43,5.9,42,2023,c(4.849434, 52.358258)
"1125","Jacket","running",2023-10-16 06:29:44,5.8,42,2023,c(4.849484, 52.358259)
"1126","Jacket","running",2023-10-16 06:29:45,5.8,42,2023,c(4.849536, 52.358266)
"1127","Jacket","running",2023-10-16 06:29:46,5.7,42,2023,c(4.849571, 52.358259)
"1128","Jacket","running",2023-10-16 06:29:47,5.7,42,2023,c(4.849561, 52.358245)
"1129","Jacket","running",2023-10-16 06:29:48,5.7,42,2023,c(4.849524, 52.358234)
"1130","Jacket","running",2023-10-16 06:29:50,5.7,42,2023,c(4.849479, 52.358228)
"1131","Jacket","running",2023-10-16 06:29:51,5.7,42,2023,c(4.849418, 52.35823)
"1132","Jacket","running",2023-10-16 06:29:52,5.3,42,2023,c(4.849345, 52.35824)
"1133","Jacket","running",2023-10-16 06:29:53,5.3,42,2023,c(4.849281, 52.358251)
"1134","Jacket","running",2023-10-16 06:29:54,5.2,42,2023,c(4.849236, 52.358269)
"1135","Jacket","running",2023-10-16 06:29:55,4.9,42,2023,c(4.849187, 52.358287)
"1136","Jacket","running",2023-10-16 06:29:56,4.7,42,2023,c(4.849144, 52.3583)
"1137","Jacket","running",2023-10-16 06:29:57,4.6,42,2023,c(4.849104, 52.358313)
"1138","Jacket","running",2023-10-16 06:29:59,4.6,42,2023,c(4.849063, 52.358343)
"1139","Jacket","running",2023-10-16 06:30:00,4.6,42,2023,c(4.849054, 52.358356)
"1140","Jacket","running",2023-10-16 06:30:01,4.6,42,2023,c(4.849046, 52.358386)
"1141","Jacket","running",2023-10-16 06:30:02,4.6,42,2023,c(4.849041, 52.358415)
"1142","Jacket","running",2023-10-16 06:30:03,4.6,42,2023,c(4.849042, 52.358445)
"1143","Jacket","running",2023-10-16 06:30:04,4.6,42,2023,c(4.849052, 52.358475)
"1144","Jacket","running",2023-10-16 06:30:06,4.6,42,2023,c(4.849079, 52.358507)
"1145","Jacket","running",2023-10-16 06:30:07,4.6,42,2023,c(4.849116, 52.35854)
"1146","Jacket","running",2023-10-16 06:30:08,4.6,42,2023,c(4.849144, 52.358571)
"1147","Jacket","running",2023-10-16 06:30:09,4.6,42,2023,c(4.849168, 52.358603)
"1148","Jacket","running",2023-10-16 06:30:10,4.7,42,2023,c(4.849193, 52.358637)
"1149","Jacket","running",2023-10-16 06:30:11,4.7,42,2023,c(4.849222, 52.358677)
"1150","Jacket","running",2023-10-16 06:30:12,4.7,42,2023,c(4.84925, 52.358713)
"1151","Jacket","running",2023-10-16 06:30:13,4.7,42,2023,c(4.849277, 52.358742)
"1152","Jacket","running",2023-10-16 06:30:15,4.8,42,2023,c(4.849302, 52.358775)
"1153","Jacket","running",2023-10-16 06:30:16,4.8,42,2023,c(4.849331, 52.358805)
"1154","Jacket","running",2023-10-16 06:30:17,4.8,42,2023,c(4.84937, 52.35884)
"1155","Jacket","running",2023-10-16 06:30:18,4.8,42,2023,c(4.849406, 52.358868)
"1156","Jacket","running",2023-10-16 06:30:20,4.8,42,2023,c(4.849431, 52.358902)
"1157","Jacket","running",2023-10-16 06:30:21,4.7,42,2023,c(4.849449, 52.358938)
"1158","Jacket","running",2023-10-16 06:30:23,4.7,42,2023,c(4.849477, 52.358974)
"1159","Jacket","running",2023-10-16 06:30:24,4.7,42,2023,c(4.849505, 52.359001)
"1160","Jacket","running",2023-10-16 06:30:25,4.7,42,2023,c(4.849531, 52.35903)
"1161","Jacket","running",2023-10-16 06:30:26,4.7,42,2023,c(4.849561, 52.359058)
"1162","Jacket","running",2023-10-16 06:30:27,4.7,42,2023,c(4.849588, 52.359087)
"1163","Jacket","running",2023-10-16 06:30:28,4.7,42,2023,c(4.849611, 52.359115)
"1164","Jacket","running",2023-10-16 06:30:29,4.7,42,2023,c(4.84963, 52.359147)
"1165","Jacket","running",2023-10-16 06:30:30,4.7,42,2023,c(4.849641, 52.359182)
"1166","Jacket","running",2023-10-16 06:30:32,4.7,42,2023,c(4.849641, 52.359222)
"1167","Jacket","running",2023-10-16 06:30:33,4.7,42,2023,c(4.849639, 52.359255)
"1168","Jacket","running",2023-10-16 06:30:34,4.7,42,2023,c(4.849638, 52.359288)
"1169","Jacket","running",2023-10-16 06:30:35,4.7,42,2023,c(4.849635, 52.359331)
"1170","Jacket","running",2023-10-16 06:30:36,4.7,42,2023,c(4.849626, 52.359367)
"1171","Jacket","running",2023-10-16 06:30:37,4.8,42,2023,c(4.849617, 52.359398)
"1172","Jacket","running",2023-10-16 06:30:38,4.8,42,2023,c(4.849618, 52.35943)
"1173","Jacket","running",2023-10-16 06:30:40,4.8,42,2023,c(4.849616, 52.359483)
"1174","Jacket","running",2023-10-16 06:30:41,4.8,42,2023,c(4.849608, 52.359517)
"1175","Jacket","running",2023-10-16 06:30:42,4.9,42,2023,c(4.849609, 52.359549)
"1176","Jacket","running",2023-10-16 06:30:43,4.9,42,2023,c(4.849612, 52.359581)
"1177","Jacket","running",2023-10-16 06:30:45,4.9,42,2023,c(4.849611, 52.359623)
"1178","Jacket","running",2023-10-16 06:30:46,5,42,2023,c(4.849605, 52.359655)
"1179","Jacket","running",2023-10-16 06:30:47,5,42,2023,c(4.849598, 52.359689)
"1180","Jacket","running",2023-10-16 06:30:48,5,42,2023,c(4.849592, 52.35972)
"1181","Jacket","running",2023-10-16 06:30:49,5.1,42,2023,c(4.849586, 52.359761)
"1182","Jacket","running",2023-10-16 06:30:50,4.9,42,2023,c(4.849577, 52.359793)
"1183","Jacket","running",2023-10-16 06:30:51,4.9,42,2023,c(4.849571, 52.35983)
"1184","Jacket","running",2023-10-16 06:30:52,4.9,42,2023,c(4.849572, 52.359858)
"1185","Jacket","running",2023-10-16 06:30:53,4.9,42,2023,c(4.84958, 52.359886)
"1186","Jacket","running",2023-10-16 06:30:55,4.9,42,2023,c(4.849602, 52.35991)
"1187","Jacket","running",2023-10-16 06:30:56,4.8,42,2023,c(4.849644, 52.359929)
"1188","Jacket","running",2023-10-16 06:30:57,4.8,42,2023,c(4.849688, 52.359941)
"1189","Jacket","running",2023-10-16 06:30:58,4.8,42,2023,c(4.849731, 52.359949)
"1190","Jacket","running",2023-10-16 06:30:59,4.8,42,2023,c(4.849782, 52.359954)
"1191","Jacket","running",2023-10-16 06:31:00,4.8,42,2023,c(4.849833, 52.359959)
"1192","Jacket","running",2023-10-16 06:31:02,4.8,42,2023,c(4.849893, 52.359953)
"1193","Jacket","running",2023-10-16 06:31:03,4.8,42,2023,c(4.849949, 52.359944)
"1194","Jacket","running",2023-10-16 06:31:04,4.8,42,2023,c(4.850009, 52.359948)
"1195","Jacket","running",2023-10-16 06:31:05,4.7,42,2023,c(4.850058, 52.35997)
"1196","Jacket","running",2023-10-16 06:31:06,4.7,42,2023,c(4.850069, 52.359979)
"1197","Jacket","running",2023-10-16 06:31:07,4.7,42,2023,c(4.850088, 52.359996)
"1198","Jacket","running",2023-10-16 06:31:09,4.7,42,2023,c(4.850097, 52.360019)
"1199","Jacket","running",2023-10-16 06:31:10,4.7,42,2023,c(4.850097, 52.360053)
"1200","Jacket","running",2023-10-16 06:31:11,4.7,42,2023,c(4.850094, 52.360064)
"1201","Jacket","running",2023-10-16 06:31:12,4.7,42,2023,c(4.850065, 52.360095)
"1202","Jacket","running",2023-10-16 06:31:13,4.7,42,2023,c(4.850053, 52.360105)
"1203","Jacket","running",2023-10-16 06:31:14,4.7,42,2023,c(4.850029, 52.360129)
"1204","Jacket","running",2023-10-16 06:31:15,4.7,42,2023,c(4.849991, 52.360151)
"1205","Jacket","running",2023-10-16 06:31:16,4.7,42,2023,c(4.849977, 52.360158)
"1206","Jacket","running",2023-10-16 06:31:17,4.7,42,2023,c(4.849933, 52.360176)
"1207","Jacket","running",2023-10-16 06:31:18,4.7,42,2023,c(4.849921, 52.360183)
"1208","Jacket","running",2023-10-16 06:31:20,4.7,42,2023,c(4.849874, 52.36021)
"1209","Jacket","running",2023-10-16 06:31:21,4.7,42,2023,c(4.849858, 52.360219)
"1210","Jacket","running",2023-10-16 06:31:22,4.7,42,2023,c(4.849814, 52.360251)
"1211","Jacket","running",2023-10-16 06:31:23,4.7,42,2023,c(4.849799, 52.360265)
"1212","Jacket","running",2023-10-16 06:31:24,4.8,42,2023,c(4.849786, 52.360292)
"1213","Jacket","running",2023-10-16 06:31:25,4.8,42,2023,c(4.849781, 52.360321)
"1214","Jacket","running",2023-10-16 06:31:26,4.8,42,2023,c(4.849776, 52.360352)
"1215","Jacket","running",2023-10-16 06:31:27,4.7,42,2023,c(4.849756, 52.360378)
"1216","Jacket","running",2023-10-16 06:31:29,4.7,42,2023,c(4.849727, 52.360413)
"1217","Jacket","running",2023-10-16 06:31:30,4.7,42,2023,c(4.849718, 52.360425)
"1218","Jacket","running",2023-10-16 06:31:31,4.7,42,2023,c(4.849701, 52.36045)
"1219","Jacket","running",2023-10-16 06:31:32,4.7,42,2023,c(4.849693, 52.360478)
"1220","Jacket","running",2023-10-16 06:31:33,4.7,42,2023,c(4.849684, 52.360513)
"1221","Jacket","running",2023-10-16 06:31:34,4.7,42,2023,c(4.849686, 52.360541)
"1222","Jacket","running",2023-10-16 06:31:35,4.7,42,2023,c(4.849683, 52.360568)
"1223","Jacket","running",2023-10-16 06:31:37,4.7,42,2023,c(4.849665, 52.360615)
"1224","Jacket","running",2023-10-16 06:31:38,4.7,42,2023,c(4.849659, 52.360631)
"1225","Jacket","running",2023-10-16 06:31:39,4.7,42,2023,c(4.849654, 52.360647)
"1226","Jacket","running",2023-10-16 06:31:40,4.7,42,2023,c(4.849635, 52.360681)
"1227","Jacket","running",2023-10-16 06:31:41,4.7,42,2023,c(4.849626, 52.360694)
"1228","Jacket","running",2023-10-16 06:31:42,4.7,42,2023,c(4.849621, 52.360733)
"1229","Jacket","running",2023-10-16 06:31:43,4.7,42,2023,c(4.849621, 52.360747)
"1230","Jacket","running",2023-10-16 06:31:45,4.7,42,2023,c(4.84961, 52.360783)
"1231","Jacket","running",2023-10-16 06:31:46,4.7,42,2023,c(4.849608, 52.360814)
"1232","Jacket","running",2023-10-16 06:31:47,4.7,42,2023,c(4.849605, 52.360844)
"1233","Jacket","running",2023-10-16 06:31:48,4.7,42,2023,c(4.849596, 52.360873)
"1234","Jacket","running",2023-10-16 06:31:49,4.7,42,2023,c(4.849585, 52.3609)
"1235","Jacket","running",2023-10-16 06:31:50,4.7,42,2023,c(4.849566, 52.360936)
"1236","Jacket","running",2023-10-16 06:31:51,4.7,42,2023,c(4.849557, 52.360967)
"1237","Jacket","running",2023-10-16 06:31:52,4.7,42,2023,c(4.849552, 52.360999)
"1238","Jacket","running",2023-10-16 06:31:53,4.7,42,2023,c(4.84955, 52.361031)
"1239","Jacket","running",2023-10-16 06:31:54,4.7,42,2023,c(4.84955, 52.361062)
"1240","Jacket","running",2023-10-16 06:31:56,4.7,42,2023,c(4.849538, 52.361099)
"1241","Jacket","running",2023-10-16 06:31:57,4.7,42,2023,c(4.849524, 52.361126)
"1242","Jacket","running",2023-10-16 06:31:58,4.7,42,2023,c(4.849496, 52.36116)
"1243","Jacket","running",2023-10-16 06:31:59,4.7,42,2023,c(4.849485, 52.361171)
"1244","Jacket","running",2023-10-16 06:32:00,4.7,42,2023,c(4.849453, 52.361196)
"1245","Jacket","running",2023-10-16 06:32:01,4.7,42,2023,c(4.849413, 52.361224)
"1246","Jacket","running",2023-10-16 06:32:02,4.7,42,2023,c(4.849399, 52.361233)
"1247","Jacket","running",2023-10-16 06:32:03,4.7,42,2023,c(4.849373, 52.36125)
"1248","Jacket","running",2023-10-16 06:32:05,4.7,42,2023,c(4.849336, 52.361275)
"1249","Jacket","running",2023-10-16 06:32:06,4.7,42,2023,c(4.849307, 52.361296)
"1250","Jacket","running",2023-10-16 06:32:07,4.7,42,2023,c(4.849268, 52.361326)
"1251","Jacket","running",2023-10-16 06:32:08,4.7,42,2023,c(4.849255, 52.361338)
"1252","Jacket","running",2023-10-16 06:32:09,4.7,42,2023,c(4.849233, 52.361369)
"1253","Jacket","running",2023-10-16 06:32:10,4.7,42,2023,c(4.849218, 52.361397)
"1254","Jacket","running",2023-10-16 06:32:11,4.7,42,2023,c(4.849209, 52.361424)
"1255","Jacket","running",2023-10-16 06:32:12,4.7,42,2023,c(4.849194, 52.36145)
"1256","Jacket","running",2023-10-16 06:32:13,4.7,42,2023,c(4.8492, 52.361486)
"1257","Jacket","running",2023-10-16 06:32:15,4.7,42,2023,c(4.849214, 52.361533)
"1258","Jacket","running",2023-10-16 06:32:16,4.7,42,2023,c(4.849236, 52.361573)
"1259","Jacket","running",2023-10-16 06:32:17,4.7,42,2023,c(4.849335, 52.361626)
